SLUR RATE,PROP CON,TR PRESS
64.4,0.0,7913.0
64.8,0.0,8000.0
65.2,0.0,8049.0
65.7,0.0,8081.0
66.4,0.0,8132.0
67.2,0.0,8164.0
67.7,0.0,8153.0
68.5,0.0,8141.0
69.3,0.0,8166.0
69.9,0.0,8180.0
70.6,0.0,8203.0
71.2,0.0,8216.0
71.7,0.0,8206.0
72.3,0.0,8191.0
72.7,0.0,8201.0
73.1,0.0,8186.0
73.5,0.0,8150.0
73.8,0.0,8201.0
74.1,0.0,8220.0
74.5,0.0,8228.0
75.0,0.0,8208.0
75.3,0.0,8199.0
75.6,0.0,8155.0
75.8,0.0,8114.0
75.9,0.0,8121.0
76.2,0.0,8145.0
76.2,0.0,8144.0
76.5,0.0,8107.0
76.7,0.0,8122.0
76.9,0.0,8103.0
76.8,0.0,8100.0
77.0,0.0,8101.0
77.1,0.0,8171.0
77.1,0.0,8192.0
77.3,0.0,8190.0
77.5,0.0,8173.0
77.9,0.0,8174.0
78.2,0.0,8141.0
78.5,0.0,8116.0
78.5,0.0,8075.0
79.0,0.0,8066.0
79.0,0.0,8037.0
79.1,0.0,8028.0
79.1,0.0,8057.0
79.2,0.0,8084.0
79.3,0.0,8083.0
79.4,0.0,8071.0
79.7,0.0,8045.0
79.9,0.0,8043.0
80.1,0.0,8024.0
80.2,0.0,8045.0
80.3,0.0,8105.0
80.5,0.0,8137.0
80.7,0.0,8140.0
81.2,0.0,8128.0
81.6,0.0,8216.0
81.7,0.0,8236.0
82.1,0.0,8241.0
82.5,0.0,8288.0
83.1,0.0,8296.0
83.5,0.0,8157.0
84.0,0.0,8132.0
83.9,0.0,8108.0
83.8,0.0,8071.0
83.8,0.0,8083.0
83.7,0.0,8122.0
83.5,0.0,8132.0
83.4,0.0,8138.0
83.5,0.0,8161.0
83.5,0.0,8195.0
83.4,0.0,8227.0
83.6,0.0,8306.0
83.8,0.0,8435.0
84.2,0.0,8449.0
84.9,0.0,8475.0
85.5,0.0,8506.0
86.0,0.0,8488.0
86.6,0.0,8467.0
87.1,0.0,8465.0
87.4,0.0,8433.0
87.8,0.0,8425.0
87.9,0.0,8447.0
88.2,0.0,8475.0
88.4,0.0,8499.0
88.6,0.0,8528.0
88.9,0.0,8536.0
89.1,0.0,8567.0
89.1,0.0,8562.0
89.4,0.0,8557.0
89.5,0.0,8559.0
89.6,0.0,8540.0
89.9,0.0,8536.0
90.0,0.0,8555.0
90.1,0.0,8541.0
90.2,0.0,8546.0
90.3,0.0,8558.0
90.4,0.0,8556.0
90.4,0.0,8560.0
90.4,0.0,8565.0
90.4,0.0,8555.0
90.5,0.0,8566.0
90.5,0.0,8585.0
90.5,0.0,8590.0
90.4,0.0,8577.0
90.5,0.0,8576.0
90.6,0.0,8583.0
90.6,0.0,8590.0
90.6,0.0,8613.0
90.7,0.0,8612.0
90.6,0.0,8599.0
90.7,0.0,8609.0
90.7,0.0,8607.0
90.6,0.0,8619.0
90.6,0.0,8638.0
90.6,0.0,8638.0
90.7,0.0,8635.0
90.6,0.0,8649.0
90.5,0.0,8639.0
90.6,0.0,8638.0
90.5,0.0,8661.0
90.6,0.0,8659.0
90.6,0.0,8667.0
90.6,0.0,8671.0
90.6,0.0,8656.0
90.7,0.0,8670.0
90.7,0.0,8676.0
90.6,0.0,8689.0
90.7,0.0,8702.0
90.6,0.0,8693.0
90.6,0.0,8689.0
90.6,0.0,8702.0
90.6,0.0,8708.0
90.6,0.0,8706.0
90.7,0.0,8687.0
90.6,0.0,8670.0
90.6,0.0,8657.0
90.7,0.0,8621.0
90.6,0.0,8593.0
90.7,0.0,8568.0
90.7,0.0,8519.0
90.7,0.0,8496.0
90.7,0.0,8451.0
90.7,0.0,8413.0
90.7,0.0,8370.0
90.6,0.0,8349.0
90.6,0.0,8327.0
90.6,0.0,8306.0
90.7,0.0,8311.0
90.7,0.0,8291.0
90.7,0.0,8265.0
90.7,0.0,8295.0
90.6,0.0,8277.0
90.7,0.0,8222.0
90.9,0.0,8206.0
91.0,0.0,8176.0
91.0,0.0,8143.0
91.1,0.0,8133.0
91.3,0.0,8169.0
91.4,0.0,8175.0
91.5,0.0,8167.0
91.6,0.0,8178.0
91.6,0.0,8168.0
91.7,0.0,8172.0
91.7,0.0,8180.0
91.9,0.0,8171.0
92.2,0.0,8185.0
92.3,0.0,8034.0
92.4,0.0,8084.0
92.5,0.0,8184.0
92.1,0.0,8207.0
92.3,0.0,8191.0
92.6,0.0,8364.0
92.8,0.0,8267.0
93.1,0.0,8232.0
93.4,0.0,8238.0
93.5,0.0,8256.0
93.6,0.0,7974.0
93.8,0.0,8175.0
93.4,0.0,8257.0
93.2,0.0,8283.0
93.6,0.0,8297.0
93.8,0.0,8367.0
94.1,0.0,8303.0
94.5,0.0,8324.0
94.6,0.0,8353.0
94.8,0.0,8330.0
95.0,0.0,8043.0
95.2,0.0,8295.0
94.6,0.0,8349.0
94.8,0.0,8380.0
95.2,0.0,8394.0
95.7,0.0,8511.0
96.0,0.0,8418.0
96.2,0.0,8423.0
96.3,0.0,8415.0
96.5,0.0,8396.0
96.8,0.0,8292.0
96.7,0.0,8408.0
96.4,0.0,8400.0
96.8,0.0,8377.0
97.3,0.0,8467.0
97.5,0.0,8372.0
97.8,0.0,8015.0
98.0,0.0,8119.0
97.9,0.0,8200.0
97.5,0.0,8167.0
97.8,0.0,8015.403952700077
98.1,0.0,8135.200000162216
98.8,0.0,8098.0
99.0,0.0,8074.458823606023
99.3,0.0,8074.839997341547
99.5,0.0,8078.400001429614
99.6,0.0,8077.015285893453
99.8,0.0,8066.5
100.0,0.0,8096.5
100.2,0.0,8096.5
100.3,0.0,8096.5
100.4,0.0,8096.5
100.5,0.0,8096.5
100.5,0.0,8096.5
100.4,0.0,8096.5
100.4,0.0,8096.5
100.5,0.0,8096.5
100.5,0.0,8096.5
100.5,0.0,8096.5
100.6,0.0,8096.5
100.6,0.0,8096.5
100.6,0.30000000000000004,8152.0
100.6,0.30000000000000004,8152.0
100.6,0.30000000000000004,8152.0
100.6,0.30000000000000004,8152.0
100.7,0.30000000000000004,8152.0
100.7,0.30000000000000004,8152.0
100.7,0.30000000000000004,8152.0
100.8,0.30000000000000004,8162.5
100.8,0.30000000000000004,8162.5
100.7,0.30000000000000004,8158.0
100.7,0.30000000000000004,8161.0
100.6,0.30000000000000004,8158.0
100.6,0.30000000000000004,8148.0
100.6,0.30000000000000004,8153.0
100.5,0.30000000000000004,8145.0
100.6,0.30000000000000004,8152.0
100.6,0.30000000000000004,8151.0
100.5,0.30000000000000004,8141.0
100.6,0.30000000000000004,8152.0
100.5,0.30000000000000004,8136.0
100.6,0.30000000000000004,8134.0
100.6,0.30000000000000004,8141.0
100.7,0.30000000000000004,8140.0
100.6,0.30000000000000004,8156.0
100.6,0.30000000000000004,8157.0
100.5,0.30000000000000004,8144.0
100.6,0.30000000000000004,8150.0
100.6,0.30000000000000004,8154.0
100.6,0.30000000000000004,8155.0
100.5,0.30000000000000004,8166.0
100.5,0.30000000000000004,8148.0
100.6,0.30000000000000004,8148.0
100.6,0.30000000000000004,8156.0
100.7,0.30000000000000004,8147.0
100.6,0.30000000000000004,8143.0
100.6,0.30000000000000004,8146.0
100.8,0.30000000000000004,8148.0
100.7,0.30000000000000004,8154.0
100.8,0.30000000000000004,8147.0
100.7,0.30000000000000004,8139.0
100.7,0.30000000000000004,8150.0
100.7,0.30000000000000004,8149.0
100.7,0.30000000000000004,8149.0
100.7,0.30000000000000004,8156.0
100.7,0.30000000000000004,8145.0
100.7,0.30000000000000004,8149.0
100.7,0.30000000000000004,8152.0
100.7,0.30000000000000004,8149.0
100.7,0.30000000000000004,8161.0
100.7,0.30000000000000004,8145.0
100.6,0.30000000000000004,8144.0
100.7,0.30000000000000004,8149.0
100.6,0.30000000000000004,8138.0
100.7,0.30000000000000004,8152.0
100.6,0.30000000000000004,8154.0
100.6,0.30000000000000004,8139.0
100.7,0.30000000000000004,8142.0
100.6,0.30000000000000004,8151.0
100.6,0.30000000000000004,8144.0
100.7,0.30000000000000004,8155.0
100.6,0.30000000000000004,8148.0
100.6,0.30000000000000004,8150.0
100.6,0.30000000000000004,8164.0
100.7,0.30000000000000004,8145.0
100.7,0.30000000000000004,8148.0
100.6,0.30000000000000004,8148.0
100.6,0.30000000000000004,8151.0
100.6,0.30000000000000004,8166.0
100.7,0.30000000000000004,8161.0
100.7,0.30000000000000004,8164.0
100.6,0.30000000000000004,8153.0
100.7,0.30000000000000004,8152.0
100.5,0.30000000000000004,8165.0
100.6,0.30000000000000004,8165.0
100.6,0.30000000000000004,8159.0
100.7,0.30000000000000004,8160.0
100.6,0.30000000000000004,8160.0
100.7,0.30000000000000004,8157.0
100.7,0.30000000000000004,8162.0
100.7,0.30000000000000004,8163.0
100.7,0.30000000000000004,8156.0
100.7,0.30000000000000004,8156.0
100.6,0.30000000000000004,8154.0
100.6,0.30000000000000004,8151.0
100.5,0.30000000000000004,8161.0
100.6,0.30000000000000004,8152.0
100.6,0.30000000000000004,8152.0
100.6,0.30000000000000004,8149.0
100.7,0.30000000000000004,8148.0
100.6,0.30000000000000004,8152.0
100.6,0.30000000000000004,8157.0
100.6,0.30000000000000004,8152.0
100.7,0.30000000000000004,8145.0
100.7,0.30000000000000004,8155.0
100.6,0.30000000000000004,8143.0
100.6,0.30000000000000004,8148.0
100.6,0.30000000000000004,8145.0
100.6,0.30000000000000004,8140.0
100.6,0.30000000000000004,8145.0
100.6,0.30000000000000004,8147.0
100.6,0.30000000000000004,8148.0
100.7,0.30000000000000004,8144.0
100.6,0.30000000000000004,8145.0
100.6,0.30000000000000004,8154.0
100.7,0.30000000000000004,8141.0
100.6,0.30000000000000004,8140.0
100.7,0.30000000000000004,8143.0
100.6,0.30000000000000004,8144.0
100.6,0.30000000000000004,8139.0
100.5,0.30000000000000004,8157.0
100.6,0.30000000000000004,8150.0
100.7,0.30000000000000004,8141.0
100.7,0.30000000000000004,8148.0
100.6,0.30000000000000004,8138.0
100.6,0.30000000000000004,8148.0
100.6,0.30000000000000004,8164.0
100.6,0.30000000000000004,8151.0
100.6,0.30000000000000004,8152.0
100.5,0.30000000000000004,8149.0
100.6,0.30000000000000004,8150.0
100.7,0.30000000000000004,8156.0
100.6,0.30000000000000004,8153.0
100.7,0.30000000000000004,8158.0
100.7,0.30000000000000004,8165.0
100.8,0.30000000000000004,8171.0
100.8,0.30000000000000004,8170.0
100.8,0.30000000000000004,8178.0
100.9,0.30000000000000004,8173.0
100.9,0.30000000000000004,8183.0
100.8,0.30000000000000004,8189.0
100.8,0.30000000000000004,8175.0
100.8,0.30000000000000004,8180.0
100.8,0.30000000000000004,8176.0
100.8,0.30000000000000004,8177.0
100.8,0.30000000000000004,8194.0
100.7,0.30000000000000004,8183.0
100.7,0.30000000000000004,8178.0
100.9,0.30000000000000004,8178.0
100.8,0.30000000000000004,8164.0
100.8,0.30000000000000004,8179.0
100.7,0.30000000000000004,8174.0
100.7,0.30000000000000004,8168.0
100.8,0.30000000000000004,8175.0
100.7,0.30000000000000004,8167.0
100.7,0.30000000000000004,8164.0
100.5,0.30000000000000004,8178.0
100.6,0.30000000000000004,8171.0
100.6,0.30000000000000004,8178.0
100.5,0.30000000000000004,8180.0
100.5,0.30000000000000004,8169.0
100.5,0.30000000000000004,8174.0
100.4,0.30000000000000004,8175.0
100.5,0.30000000000000004,8167.0
100.5,0.30000000000000004,8176.0
100.6,0.30000000000000004,8168.0
100.5,0.30000000000000004,8164.0
100.6,0.30000000000000004,8169.0
100.4,0.30000000000000004,8162.0
100.4,0.30000000000000004,8170.0
100.2,0.30000000000000004,8176.0
100.6,0.30000000000000004,8166.0
100.6,0.30000000000000004,8176.0
100.6,0.30000000000000004,8171.0
100.7,0.30000000000000004,8167.0
100.5,0.30000000000000004,8176.0
100.5,0.30000000000000004,8174.0
100.6,0.30000000000000004,8167.0
100.6,0.30000000000000004,8182.0
100.8,0.30000000000000004,8174.0
100.6,0.30000000000000004,8176.0
100.6,0.30000000000000004,8170.0
100.7,0.30000000000000004,8165.0
100.7,0.30000000000000004,8175.0
100.8,0.30000000000000004,8175.0
100.8,0.30000000000000004,8171.0
100.9,0.30000000000000004,8184.0
100.7,0.30000000000000004,8184.0
100.7,0.30000000000000004,8174.0
100.7,0.30000000000000004,8182.0
100.8,0.30000000000000004,8171.0
100.8,0.30000000000000004,8170.0
100.9,0.30000000000000004,8178.0
101.0,0.30000000000000004,8168.0
100.9,0.30000000000000004,8175.0
100.9,0.30000000000000004,8173.0
100.9,0.30000000000000004,8161.0
100.9,0.30000000000000004,8157.0
101.0,0.30000000000000004,8168.0
101.0,0.30000000000000004,8170.0
101.0,0.30000000000000004,8178.0
100.9,0.30000000000000004,8172.0
100.8,0.30000000000000004,8160.0
100.9,0.30000000000000004,8165.0
100.9,0.30000000000000004,8160.0
100.9,0.30000000000000004,8162.0
100.9,0.30000000000000004,8172.0
100.8,0.30000000000000004,8157.0
100.8,0.5,8154.0
100.8,0.5,8154.0
100.8,0.5,8147.0
100.9,0.5,8158.0
100.8,0.5,8152.0
100.8,0.5,8146.0
100.8,0.5,8158.0
100.9,0.5,8153.0
100.8,0.5,8145.0
100.9,0.5,8139.0
101.0,0.5,8138.0
101.0,0.5,8144.0
100.8,0.5,8147.0
100.8,0.5,8139.0
100.6,0.5,8134.0
100.6,0.5,8137.0
100.6,0.5,8135.0
100.7,0.5,8150.0
100.6,0.5,8144.0
100.7,0.5,8128.0
100.6,0.5,8128.0
100.6,0.5,8123.0
100.7,0.5,8134.0
100.8,0.5,8139.0
100.9,0.5,8132.0
100.9,0.5,8123.0
100.9,0.5,8125.0
101.2,0.5,8122.0
101.1,0.5,8130.0
101.1,0.5,8123.0
101.0,0.5,8118.0
101.1,0.5,8133.0
101.0,0.5,8125.0
101.0,0.5,8116.0
101.0,0.5,8118.0
101.0,0.5,8109.0
101.0,0.5,8119.0
101.0,0.5,8120.0
101.1,0.5,8110.0
101.1,0.5,8120.0
101.1,0.5,8109.0
100.9,0.5,8114.0
100.9,0.5,8125.0
100.9,0.5,8113.0
100.9,0.5,8113.0
100.9,0.5,8112.0
100.8,0.5,8114.0
100.9,0.5,8115.0
100.9,0.5,8119.0
100.9,0.5,8108.0
100.7,0.5,8111.0
100.8,0.5,8112.0
100.8,0.5,8107.0
100.6,0.5,8126.0
100.7,0.5,8113.0
100.7,0.5,8112.0
100.8,0.5,8116.0
100.7,0.5,8109.0
100.8,0.5,8121.0
100.8,0.5,8123.0
100.7,0.5,8119.0
100.8,0.5,8127.0
100.8,0.5,8123.0
100.8,0.5,8121.0
100.7,0.5,8120.0
100.7,0.5,8126.0
100.7,0.5,8125.0
100.7,0.5,8128.0
100.7,0.5,8126.0
100.7,0.5,8119.0
100.8,0.5,8120.0
100.9,0.5,8117.0
100.9,0.5,8125.0
100.8,0.5,8126.0
100.7,0.5,8126.0
100.9,0.5,8125.0
100.9,0.5,8110.0
100.9,0.5,8120.0
100.8,0.5,8130.0
100.9,0.5,8119.0
100.9,0.5,8117.0
100.9,0.5,8110.0
100.9,0.5,8108.0
100.8,0.5,8117.0
100.8,0.5,8127.0
100.6,0.5,8116.0
100.6,0.5,8115.0
100.6,0.5,8112.0
100.6,0.5,8103.0
100.6,0.5,8118.0
100.6,0.5,8109.0
100.7,0.5,8107.0
100.7,0.5,8117.0
100.8,0.5,8105.0
100.8,0.5,8103.0
100.7,0.5,8103.0
100.6,0.5,8103.0
100.6,0.5,8108.0
100.6,0.5,8102.0
100.6,0.5,8104.0
100.6,0.5,8103.0
100.7,0.5,8099.0
100.6,0.5,8099.0
100.6,0.5,8107.0
100.7,0.5,8101.0
100.7,0.5,8099.0
100.7,0.5,8104.0
100.8,0.5,8090.0
100.8,0.5,8099.0
100.6,0.5,8105.0
100.7,0.5,8103.0
100.7,0.5,8108.0
100.7,0.5,8091.0
100.5,0.5,8098.0
100.5,0.5,8117.0
100.5,0.5,8100.0
100.6,0.5,8105.0
100.5,0.5,8120.0
100.6,0.5,8098.0
100.6,0.5,8109.0
100.6,0.5,8107.0
100.5,0.5,8107.0
100.5,0.5,8113.0
100.5,0.5,8108.0
100.6,0.5,8105.0
100.5,0.5,8111.0
100.4,0.5,8101.0
100.5,0.5,8112.0
100.5,0.5,8116.0
100.5,0.5,8109.0
100.7,0.5,8117.0
100.6,0.5,8113.0
100.7,0.5,8110.0
100.8,0.5,8117.0
101.0,0.5,8096.0
100.9,0.5,8113.0
100.8,0.5,8113.0
100.8,0.5,8095.0
100.7,0.5,8111.0
100.6,0.5,8111.0
100.8,0.5,8106.0
100.8,0.5,8105.0
100.9,0.5,8100.0
100.8,0.5,8099.0
100.7,0.5,8100.0
100.8,0.5,8100.0
100.8,0.5,8108.0
100.7,0.5,8110.0
100.7,0.5,8105.0
100.7,0.5,8099.0
100.8,0.5,8097.0
100.8,0.5,8093.0
100.9,0.5,8118.0
100.8,0.5,8102.0
100.7,0.5,8099.0
100.7,0.5,8097.0
100.7,0.5,8087.0
100.7,0.5,8103.0
100.6,0.5,8099.0
100.7,0.5,8091.0
100.7,0.5,8110.0
100.6,0.5,8099.0
100.6,0.5,8091.0
100.7,0.5,8109.0
100.7,0.5,8100.0
100.6,0.5,8105.0
100.6,0.5,8095.0
100.7,0.5,8098.0
100.7,0.5,8103.0
100.7,0.5,8101.0
100.6,0.5,8096.0
100.7,0.5,8098.0
100.7,0.5,8104.0
100.6,0.5,8102.0
100.5,0.5,8100.0
100.6,0.5,8095.0
100.8,0.5,8102.0
100.7,0.5,8109.0
100.5,0.5,8098.0
100.5,0.5,8103.0
100.6,0.5,8100.0
100.7,0.5,8097.0
100.7,0.5,8102.0
100.7,0.5,8101.0
100.7,0.5,8098.0
100.8,0.5,8101.0
100.8,0.5,8091.0
100.7,0.5,8101.0
100.6,0.5,8108.0
100.6,0.5,8103.0
100.5,0.5,8090.0
100.6,0.5,8095.0
100.6,0.5,8094.0
100.5,0.5,8102.0
100.4,0.5,8100.0
100.3,0.5,8091.0
100.3,0.5,8097.0
100.4,0.5,8097.0
100.5,0.5,8089.0
100.5,0.5,8095.0
100.5,0.5,8093.0
100.5,0.5,8092.0
100.4,0.5,8099.0
100.5,0.5,8095.0
100.4,0.5,8093.0
100.5,0.5,8093.0
100.6,0.5,8093.0
100.5,0.7000000000000001,8102.0
100.5,0.7000000000000001,8112.0
100.6,0.7000000000000001,8093.0
100.6,0.7000000000000001,8095.0
100.6,0.7000000000000001,8097.0
100.5,0.7000000000000001,8093.0
100.5,0.7000000000000001,8116.0
100.5,0.7000000000000001,8102.0
100.6,0.7000000000000001,8098.0
100.7,0.7000000000000001,8108.0
100.7,0.7000000000000001,8092.0
100.7,0.7000000000000001,8109.0
100.7,0.7000000000000001,8110.0
100.7,0.7000000000000001,8097.0
100.6,0.7000000000000001,8100.0
100.6,0.7000000000000001,8103.0
100.6,0.7000000000000001,8096.0
100.6,0.7000000000000001,8102.0
100.7,0.7000000000000001,8095.0
100.7,0.7000000000000001,8094.0
100.6,0.7000000000000001,8101.0
100.6,0.7000000000000001,8101.0
100.6,0.7000000000000001,8102.0
100.7,0.7000000000000001,8093.0
100.8,0.7000000000000001,8088.0
100.8,0.7000000000000001,8104.0
100.8,0.7000000000000001,8097.0
100.8,0.7000000000000001,8087.0
100.8,0.7000000000000001,8094.0
100.7,0.7000000000000001,8091.0
100.6,0.7000000000000001,8094.0
100.7,0.7000000000000001,8098.0
100.8,0.7000000000000001,8091.0
100.8,0.7000000000000001,8095.0
100.8,0.7000000000000001,8082.0
100.8,0.7000000000000001,8073.0
100.7,0.7000000000000001,8089.0
100.7,0.7000000000000001,8086.0
100.6,0.7000000000000001,8088.0
100.7,0.7000000000000001,8081.0
100.9,0.7000000000000001,8081.0
100.9,0.7000000000000001,8076.0
100.9,0.7000000000000001,8091.0
101.0,0.7000000000000001,8088.0
101.1,0.7000000000000001,8089.0
101.2,0.7000000000000001,8085.0
101.0,0.7000000000000001,8085.0
101.0,0.7000000000000001,8095.0
100.9,0.7000000000000001,8077.0
101.0,0.7000000000000001,8078.0
100.9,0.7000000000000001,8087.0
100.9,0.7000000000000001,8083.0
100.9,0.7000000000000001,8092.0
100.9,0.7000000000000001,8091.0
100.9,0.7000000000000001,8094.0
100.7,0.7000000000000001,8107.0
100.7,0.7000000000000001,8096.0
100.6,0.7000000000000001,8091.0
100.6,0.7000000000000001,8092.0
100.8,0.7000000000000001,8101.0
100.7,0.7000000000000001,8099.0
100.6,0.7000000000000001,8107.0
100.6,0.7000000000000001,8107.0
100.5,0.7000000000000001,8100.0
100.5,0.7000000000000001,8105.0
100.5,0.7000000000000001,8101.0
100.5,0.7000000000000001,8098.0
100.5,0.7000000000000001,8109.0
100.4,0.7000000000000001,8112.0
100.4,0.7000000000000001,8105.0
100.4,0.7000000000000001,8101.0
100.4,0.7000000000000001,8098.0
100.5,0.7000000000000001,8107.0
100.5,0.7000000000000001,8105.0
100.7,0.7000000000000001,8106.0
100.8,0.7000000000000001,8107.0
100.8,0.7000000000000001,8111.0
100.7,0.7000000000000001,8096.0
100.7,0.7000000000000001,8112.0
100.7,0.7000000000000001,8105.0
100.6,0.7000000000000001,8112.0
100.5,0.7000000000000001,8111.0
100.4,0.7000000000000001,8110.0
100.3,0.7000000000000001,8112.0
100.0,0.7000000000000001,8105.0
100.0,0.7000000000000001,8101.0
100.1,0.7000000000000001,8110.0
100.2,0.7000000000000001,8103.0
100.2,0.7000000000000001,8102.0
100.4,0.7000000000000001,8103.0
100.5,0.7000000000000001,8095.0
100.5,0.7000000000000001,8101.0
100.4,0.7000000000000001,8110.0
100.3,0.7000000000000001,8101.0
100.4,0.7000000000000001,8098.0
100.2,0.7000000000000001,8092.0
100.3,0.7000000000000001,8090.0
100.4,0.7000000000000001,8107.0
100.4,0.7000000000000001,8096.0
100.4,0.7000000000000001,8097.0
100.5,0.7000000000000001,8111.0
100.5,0.7000000000000001,8089.0
100.4,1.0,8092.0
100.4,1.0,8100.0
100.4,1.0,8097.0
100.4,1.0,8111.0
100.5,1.0,8103.0
100.5,1.0,8094.0
100.7,1.0,8092.0
100.8,1.0,8102.0
101.0,1.0,8095.0
100.9,1.0,8108.0
101.0,1.0,8097.0
101.0,1.0,8107.0
100.9,1.0,8103.0
100.8,1.0,8097.0
100.9,1.0,8102.0
100.9,1.0,8104.0
100.9,1.0,8101.0
100.9,1.0,8103.0
100.8,1.0,8100.0
100.9,1.0,8106.0
100.8,1.0,8105.0
100.8,1.0,8094.0
100.9,1.0,8111.0
100.9,1.0,8107.0
100.9,1.0,8097.0
100.9,1.0,8103.0
101.0,1.0,8098.0
100.9,1.0,8102.0
100.9,1.0,8115.0
100.9,1.0,8102.0
100.8,1.0,8105.0
100.9,1.0,8102.0
100.8,1.0,8108.0
100.7,1.0,8102.0
100.7,1.0,8108.0
100.8,1.0,8103.0
100.7,1.0,8097.0
100.7,1.0,8095.0
100.7,1.0,8092.0
100.7,1.0,8102.0
100.7,1.0,8100.0
100.6,1.0,8106.0
100.5,1.0,8103.0
100.6,1.0,8099.0
100.6,1.0,8105.0
100.6,1.0,8101.0
100.6,1.0,8101.0
100.5,1.0,8101.0
100.4,1.0,8094.0
100.6,1.0,8101.0
100.5,1.0,8104.0
100.6,1.0,8111.0
100.8,1.0,8101.0
100.9,1.0,8099.0
101.0,1.0,8107.0
101.1,1.0,8104.0
101.0,1.0,8112.0
100.9,1.0,8107.0
101.0,1.0,8104.0
101.0,1.0,8112.0
101.0,1.0,8097.0
101.0,1.0,8101.0
100.9,1.0,8100.0
100.8,1.0,8099.0
100.9,1.0,8108.0
100.8,1.0,8110.0
100.7,1.0,8102.0
100.5,1.0,8095.0
100.6,1.0,8093.0
100.6,1.0,8100.0
100.7,1.0,8099.0
100.6,1.0,8111.0
100.6,1.0,8106.0
100.5,1.0,8102.0
100.5,1.0,8084.0
100.6,1.0,8104.0
100.6,1.0,8107.0
100.7,1.0,8103.0
100.8,1.0,8101.0
100.9,1.0,8095.0
100.9,1.0,8093.0
100.8,1.0,8107.0
100.7,1.0,8109.0
100.7,1.0,8104.0
100.7,1.0,8103.0
100.8,1.0,8095.0
100.8,1.0,8099.0
100.8,1.0,8101.0
100.8,1.0,8095.0
100.8,1.0,8112.0
100.7,1.0,8095.0
100.7,1.0,8102.0
100.7,1.0,8099.0
100.8,1.0,8090.0
100.6,1.0,8102.0
100.6,1.0,8111.0
100.6,1.0,8101.0
100.6,1.0,8106.0
100.6,1.0,8095.0
100.6,1.0,8094.0
100.7,1.0,8111.0
100.7,1.0,8103.0
100.8,1.0,8110.0
100.8,1.0,8112.0
100.8,1.0,8092.0
100.9,1.0,8105.0
100.9,1.0,8106.0
100.9,1.0,8099.0
100.7,1.0,8117.0
100.8,1.0,8103.0
100.6,1.0,8102.0
100.6,1.0,8106.0
100.6,1.0,8098.0
100.7,1.0,8108.0
100.6,1.0,8107.0
100.7,1.0,8098.0
100.7,1.0,8099.0
100.7,1.0,8097.0
100.7,1.0,8091.0
100.9,1.0,8103.0
100.8,1.0,8099.0
101.0,1.0,8101.0
101.0,1.0,8111.0
100.9,1.0,8090.0
100.8,1.0,8088.0
100.8,1.0,8092.0
100.9,1.0,8085.0
100.9,1.0,8088.0
100.8,1.0,8100.0
100.6,1.0,8093.0
100.6,1.0,8084.0
100.7,1.0,8092.0
100.7,1.0,8094.0
100.8,1.0,8086.0
100.6,1.0,8088.0
100.7,1.0,8086.0
100.7,1.0,8084.0
100.8,1.0,8094.0
100.8,1.0,8084.0
100.8,1.0,8083.0
100.8,1.0,8081.0
100.8,1.0,8079.0
100.9,1.0,8085.0
100.9,1.0,8084.0
100.9,1.0,8086.0
100.9,1.0,8085.0
100.9,1.0,8080.0
100.8,1.0,8087.0
100.9,1.0,8085.0
101.0,1.0,8083.0
101.0,1.0,8103.0
100.9,1.0,8092.0
100.8,1.0,8084.0
100.8,1.0,8089.0
100.6,1.0,8079.0
100.7,1.0,8093.0
100.6,1.0,8109.0
100.8,1.0,8101.0
100.8,1.0,8101.0
100.8,1.0,8097.0
100.9,1.0,8085.0
100.9,1.0,8102.0
100.9,1.0,8105.0
101.0,1.0,8107.0
100.8,1.0,8113.0
100.8,1.0,8102.0
100.8,1.0,8104.0
100.7,1.0,8103.0
100.8,1.0,8096.0
100.8,1.0,8113.0
100.8,1.0,8105.0
100.8,1.0,8100.0
100.8,1.0,8104.0
100.9,1.0,8097.0
100.9,1.0,8096.0
100.6,1.0,8111.0
100.5,1.0,8101.0
100.6,1.0,8103.0
100.5,1.0,8101.0
100.5,1.0,8093.0
100.4,1.0,8119.0
100.4,1.0,8105.0
100.3,1.0,8105.0
100.4,1.0,8109.0
100.3,1.0,8095.0
100.2,1.0,8095.0
100.4,1.0,8103.0
100.4,1.0,8110.0
100.4,1.0,8107.0
100.6,1.0,8102.0
100.7,1.0,8098.0
100.7,1.0,8101.0
100.7,1.0,8096.0
101.0,1.0,8105.0
101.0,1.0,8114.0
101.1,1.0,8097.0
101.1,1.0,8103.0
101.0,1.0,8101.0
101.0,1.0,8093.0
101.1,1.0,8108.0
101.0,1.0,8103.0
101.0,1.0,8103.0
101.0,1.0,8115.0
100.8,1.0,8101.0
100.9,1.0,8103.0
101.0,1.0,8102.0
100.8,1.0,8113.0
100.8,1.0,8124.0
100.7,1.0,8111.0
100.8,1.0,8109.0
100.7,1.0,8105.0
100.7,1.0,8114.0
100.7,1.0,8119.0
100.7,1.0,8113.0
100.7,1.0,8102.0
100.6,1.0,8109.0
100.8,1.0,8109.0
100.6,1.0,8109.0
100.6,1.0,8120.0
100.4,1.0,8108.0
100.5,1.0,8107.0
100.5,1.0,8111.0
100.6,1.0,8105.0
100.6,1.0,8106.0
100.6,1.0,8099.0
100.6,1.0,8112.0
100.7,1.0,8103.0
100.6,1.0,8102.0
100.7,1.0,8114.0
100.7,1.0,8106.0
100.7,1.0,8110.0
100.8,1.0,8110.0
100.9,1.0,8099.0
100.8,1.0,8112.0
100.8,1.0,8104.0
100.9,1.0,8093.0
100.8,1.0,8109.0
100.8,1.0,8096.0
100.7,1.0,8103.0
100.5,1.0,8103.0
100.5,1.0,8099.0
100.5,1.0,8097.0
100.5,1.0,8110.0
100.5,1.0,8101.0
100.6,1.0,8113.0
100.6,1.0,8117.0
100.7,1.0,8097.0
100.7,1.0,8097.0
100.6,1.0,8106.0
100.5,1.0,8108.0
100.5,1.0,8115.0
100.4,1.0,8107.0
100.3,1.0,8093.0
100.4,1.0,8101.0
100.3,1.0,8102.0
100.3,1.0,8103.0
100.5,1.0,8119.0
100.6,1.0,8106.0
100.6,1.0,8107.0
100.8,1.0,8117.0
100.6,1.0,8097.0
100.7,1.0,8105.0
100.6,1.0,8114.0
100.7,1.0,8105.0
100.7,1.0,8113.0
100.8,1.0,8097.0
100.8,1.0,8101.0
100.7,1.0,8103.0
100.8,1.0,8091.0
100.9,1.0,8104.0
100.8,1.0,8102.0
100.6,1.0,8092.0
100.7,1.0,8096.0
100.6,1.0,8106.0
100.6,1.0,8099.0
100.6,1.0,8123.0
100.7,1.0,8090.0
100.7,1.0,8090.0
100.4,1.0,8105.0
100.2,1.0,8090.0
100.2,1.0,8105.0
100.3,1.0,8112.0
100.3,1.0,8086.0
100.2,1.0,8088.0
100.2,1.0,8090.0
100.2,1.0,8105.0
100.2,1.0,8102.0
100.2,1.0,8101.0
100.3,1.0,8111.0
100.3,1.0,8107.0
100.3,1.0,8095.0
100.4,1.0,8100.0
100.3,1.0,8099.0
100.4,1.0,8098.0
100.8,1.0,8112.0
100.8,1.0,8109.0
100.9,1.0,8104.0
100.9,1.0,8110.0
100.8,1.0,8091.0
100.7,1.0,8110.0
100.8,1.0,8117.0
100.8,1.0,8101.0
100.6,1.0,8105.0
100.7,1.0,8109.0
100.7,1.0,8117.0
100.7,1.0,8107.0
100.8,1.0,8108.0
100.7,1.0,8112.0
100.7,1.0,8102.0
100.5,1.0,8109.0
100.6,1.0,8115.0
100.6,1.0,8115.0
100.6,1.0,8107.0
100.7,1.0,8104.0
100.7,1.0,8106.0
100.9,1.0,8107.0
100.9,1.0,8099.0
100.8,1.0,8102.0
100.8,1.0,8103.0
100.6,1.0,8102.0
100.7,1.0,8103.0
100.7,1.0,8093.0
100.8,1.0,8099.0
100.9,1.0,8105.0
100.9,1.0,8094.0
100.9,1.0,8105.0
100.8,1.0,8101.0
100.7,1.0,8088.0
100.6,1.0,8091.0
100.6,1.0,8088.0
100.6,1.0,8094.0
100.6,1.0,8101.0
100.7,1.0,8090.0
100.9,1.0,8097.0
101.0,1.0,8089.0
100.8,1.0,8093.0
100.9,1.0,8105.0
101.0,1.0,8092.0
101.1,1.0,8098.0
100.9,1.0,8093.0
100.9,1.0,8085.0
100.9,1.0,8098.0
100.9,1.0,8104.0
100.8,1.0,8097.0
100.9,1.0,8088.0
100.9,1.0,8088.0
100.8,1.0,8085.0
100.8,1.0,8116.0
100.8,1.0,8097.0
100.7,1.0,8107.0
100.8,1.0,8113.0
100.8,1.0,8094.0
100.7,1.0,8102.0
100.7,1.0,8100.0
100.6,1.0,8096.0
100.6,1.0,8118.0
100.7,1.0,8107.0
100.7,1.0,8099.0
100.6,1.0,8112.0
100.7,1.0,8101.0
100.7,1.0,8109.0
100.6,1.0,8106.0
100.6,1.0,8104.0
100.5,1.0,8112.0
100.6,1.0,8100.0
100.5,1.0,8101.0
100.6,1.0,8109.0
100.6,1.0,8103.0
100.8,1.0,8109.0
100.8,1.0,8107.0
100.8,1.0,8089.0
100.9,1.0,8098.0
100.9,1.0,8106.0
100.8,1.0,8098.0
100.8,1.0,8111.0
100.8,1.0,8104.0
100.8,1.0,8091.0
100.8,1.0,8103.0
100.8,1.0,8084.0
100.8,1.0,8105.0
100.8,1.0,8099.0
100.8,1.0,8096.0
100.8,1.0,8094.0
100.7,1.0,8079.0
100.5,1.0,8091.0
100.6,1.0,8095.0
100.5,1.0,8093.0
100.5,1.0,8089.0
100.6,1.0,8088.0
100.8,1.0,8085.0
100.8,1.0,8089.0
100.7,1.0,8085.0
100.8,1.0,8088.0
100.8,1.0,8088.0
100.9,1.0,8089.0
101.0,1.0,8083.0
101.0,1.0,8091.0
100.9,1.0,8087.0
101.0,1.0,8105.0
100.8,1.0,8090.0
100.8,1.0,8103.0
100.8,1.0,8091.0
100.9,1.0,8097.0
100.8,1.0,8103.0
100.8,1.0,8095.0
100.8,1.0,8090.0
100.8,1.0,8087.0
100.8,1.0,8091.0
100.8,1.0,8097.0
100.9,1.0,8099.0
100.9,1.0,8085.0
100.9,1.0,8101.0
101.0,1.0,8089.0
101.0,1.0,8088.0
100.9,1.0,8095.0
100.9,1.0,8092.0
100.8,1.0,8098.0
100.8,1.0,8109.0
101.0,1.0,8081.0
100.9,1.0,8097.0
100.8,1.0,8089.0
100.7,1.0,8093.0
100.5,1.0,8105.0
100.4,1.0,8087.0
100.5,1.0,8093.0
100.3,1.0,8095.0
100.3,1.0,8082.0
100.3,1.0,8100.0
100.4,1.0,8099.0
100.3,1.0,8089.0
100.3,1.0,8101.0
100.4,1.0,8091.0
100.5,1.0,8092.0
100.4,1.0,8095.0
100.5,1.0,8085.0
100.5,1.0,8096.0
100.6,1.0,8094.0
100.7,1.0,8090.0
100.5,1.0,8089.0
100.5,1.0,8086.0
100.5,1.0,8092.0
100.5,1.0,8107.0
100.4,1.0,8092.0
100.5,1.0,8095.0
100.4,1.0,8094.0
100.4,1.0,8086.0
100.2,1.0,8109.0
100.4,1.0,8086.0
100.4,1.0,8082.0
100.5,1.0,8096.0
100.4,1.0,8084.0
100.4,1.0,8088.0
100.3,1.0,8104.0
100.3,1.0,8084.0
100.3,1.0,8087.0
100.3,1.0,8095.0
100.4,1.0,8091.0
100.6,1.0,8085.0
100.8,1.0,8081.0
100.8,1.0,8095.0
100.7,1.0,8087.0
100.7,1.0,8087.0
100.7,1.0,8090.0
100.8,1.0,8082.0
100.9,1.0,8080.0
100.9,1.0,8089.0
100.8,1.0,8086.0
100.7,1.0,8096.0
100.8,1.0,8089.0
100.9,1.0,8072.0
100.9,1.0,8074.0
100.8,1.0,8088.0
100.8,1.0,8084.0
100.8,1.0,8072.0
100.8,1.0,8078.0
100.8,1.0,8077.0
100.7,1.0,8066.0
100.7,1.0,8070.0
100.7,1.0,8081.0
100.7,1.0,8072.0
100.7,1.0,8076.0
100.8,1.0,8078.0
100.8,1.0,8070.0
100.8,1.0,8075.0
100.9,1.0,8080.0
100.7,1.0,8071.0
100.7,1.0,8075.0
100.7,1.0,8069.0
100.6,1.0,8074.0
100.7,1.0,8082.0
100.5,1.0,8076.0
100.7,1.0,8079.0
100.8,1.0,8089.0
100.8,1.0,8085.0
100.7,1.0,8093.0
100.7,1.0,8082.0
100.7,1.0,8082.0
100.6,1.0,8095.0
100.6,1.0,8077.0
100.7,1.0,8089.0
100.6,1.0,8088.0
100.7,1.0,8075.0
100.6,1.0,8090.0
100.7,1.0,8090.0
100.8,1.0,8079.0
100.9,1.0,8087.0
100.8,1.0,8077.0
100.7,1.0,8087.0
100.8,1.0,8089.0
100.7,1.0,8071.0
100.6,1.0,8078.0
100.6,1.0,8074.0
100.6,1.0,8073.0
100.6,1.0,8086.0
100.6,1.0,8073.0
100.6,1.0,8077.0
100.6,1.0,8085.0
100.6,1.5,8068.0
100.7,1.5,8069.0
100.8,1.5,8074.0
100.8,1.5,8067.0
100.8,1.5,8081.0
100.8,1.5,8072.0
100.6,1.5,8059.0
100.6,1.5,8073.0
100.6,1.5,8063.0
100.6,1.5,8065.0
100.7,1.5,8082.0
100.5,1.5,8063.0
100.5,1.5,8074.0
100.8,1.5,8070.0
100.8,1.5,8059.0
100.6,1.5,8075.0
100.7,1.5,8071.0
100.7,1.5,8083.0
100.6,1.5,8082.0
100.7,1.5,8074.0
100.8,1.5,8080.0
100.8,1.5,8073.0
100.9,1.5,8079.0
100.8,1.5,8090.0
100.8,1.5,8077.0
100.7,1.5,8096.0
100.7,1.5,8085.0
100.7,1.5,8079.0
100.8,1.5,8088.0
100.9,1.5,8098.0
100.9,1.5,8093.0
100.8,1.5,8081.0
100.8,1.5,8084.0
100.8,1.5,8078.0
100.9,1.5,8097.0
100.7,1.5,8085.0
100.7,1.5,8086.0
100.7,1.5,8066.0
100.9,1.5,8080.0
100.8,1.5,8087.0
100.8,1.5,8080.0
100.8,1.5,8085.0
100.8,1.5,8083.0
100.8,1.5,8080.0
100.9,1.5,8076.0
100.9,1.5,8069.0
100.8,1.5,8067.0
100.9,1.5,8079.0
100.8,1.5,8088.0
100.8,1.5,8073.0
100.9,1.5,8067.0
100.9,1.5,8072.0
100.8,1.5,8065.0
100.7,1.5,8074.0
100.7,1.5,8070.0
100.6,1.5,8084.0
100.8,1.5,8061.0
100.7,1.5,8065.0
100.8,1.5,8069.0
100.9,1.5,8053.0
101.1,1.5,8063.0
101.0,1.5,8059.0
100.9,1.5,8059.0
100.8,1.5,8069.0
100.9,1.5,8056.0
101.1,1.5,8064.0
100.9,1.5,8066.0
100.8,1.5,8047.0
100.9,1.5,8054.0
100.9,1.5,8057.0
100.9,1.5,8055.0
100.8,1.5,8064.0
100.9,1.5,8058.0
100.9,1.5,8046.0
101.0,1.5,8060.0
101.0,1.5,8049.0
101.0,1.5,8061.0
101.0,1.5,8061.0
101.0,1.5,8049.0
101.1,1.5,8063.0
101.1,1.5,8057.0
101.1,1.5,8047.0
101.1,1.5,8056.0
101.1,1.5,8043.0
101.2,1.5,8062.0
101.4,1.5,8058.0
101.3,1.5,8045.0
101.3,1.5,8052.0
101.2,1.5,8051.0
101.2,1.5,8039.0
101.2,1.5,8057.0
101.2,1.5,8045.0
101.0,1.5,8044.0
101.0,1.5,8042.0
101.0,1.5,8032.0
101.0,1.5,8048.0
101.1,1.5,8052.0
101.1,1.5,8037.0
101.2,1.5,8040.0
101.2,1.5,8035.0
101.2,1.5,8039.0
101.2,1.5,8049.0
101.0,1.5,8040.0
101.2,1.5,8043.0
101.3,1.5,8039.0
101.3,1.5,8046.0
101.5,1.5,8043.0
101.4,1.5,8033.0
101.2,1.5,8034.0
101.3,1.5,8053.0
101.2,1.5,8035.0
101.2,1.5,8039.0
101.0,1.5,8025.0
101.0,1.5,8037.0
101.1,1.5,8038.0
100.9,1.5,8018.0
100.8,1.5,8047.0
101.0,1.5,8038.0
101.0,1.5,8026.0
101.0,1.5,8033.0
101.1,1.5,8035.0
100.9,1.5,8038.0
101.0,1.5,8041.0
101.2,1.5,8035.0
101.2,1.5,8033.0
101.1,1.5,8033.0
101.3,1.5,8032.0
101.5,1.5,8034.0
101.5,1.5,8036.0
101.5,1.5,8021.0
101.5,1.5,8032.0
101.3,1.5,8021.0
101.5,1.5,8033.0
101.6,1.5,8028.0
101.6,1.5,8023.0
101.3,1.5,8031.0
101.3,1.5,8024.0
101.0,1.5,8026.0
101.1,1.5,8034.0
101.1,1.5,8019.0
101.1,1.5,8025.0
101.0,1.5,8035.0
101.0,1.5,8019.0
101.2,1.5,8024.0
101.2,1.5,8025.0
100.9,1.5,8022.0
100.7,1.5,8034.0
100.9,1.5,8035.0
100.9,1.5,8027.0
100.8,1.5,8033.0
100.8,1.5,8018.0
100.7,1.5,8045.0
100.8,1.5,8032.0
100.8,1.5,8028.0
100.8,1.5,8041.0
100.8,1.5,8031.0
100.9,1.5,8033.0
101.0,1.5,8047.0
101.1,1.5,8032.0
100.9,1.5,8047.0
100.8,1.5,8043.0
100.8,1.5,8033.0
100.8,1.5,8054.0
101.0,1.5,8049.0
100.9,1.5,8043.0
101.0,1.5,8054.0
101.1,1.5,8041.0
101.0,1.5,8046.0
101.0,1.5,8051.0
101.0,1.5,8049.0
101.1,1.5,8057.0
100.9,1.5,8059.0
101.1,1.5,8051.0
101.0,1.5,8062.0
101.0,1.5,8049.0
101.1,1.5,8053.0
101.1,1.5,8074.0
101.1,1.5,8054.0
101.1,1.5,8058.0
101.3,1.5,8064.0
101.2,1.5,8058.0
101.3,1.5,8071.0
101.3,1.5,8061.0
101.4,1.5,8058.0
101.3,1.5,8070.0
101.3,1.5,8059.0
101.4,1.5,8059.0
101.5,1.5,8074.0
101.3,1.5,8063.0
101.3,1.5,8069.0
101.2,1.5,8064.0
101.0,1.5,8068.0
101.0,1.5,8067.0
101.2,1.5,8060.0
101.1,1.5,8071.0
101.1,1.5,8063.0
101.0,1.5,8060.0
101.0,1.5,8062.0
101.0,1.5,8059.0
100.9,1.5,8055.0
100.9,1.5,8072.0
101.0,1.5,8065.0
100.9,1.5,8057.0
101.0,1.5,8066.0
100.9,1.5,8052.0
101.1,1.5,8058.0
101.0,1.5,8062.0
100.9,1.5,8075.0
100.9,1.5,8064.0
100.8,1.5,8059.0
100.8,1.5,8069.0
100.9,1.5,8056.0
100.9,1.5,8062.0
101.0,1.5,8074.0
100.9,1.5,8065.0
101.0,1.5,8069.0
101.0,1.5,8079.0
100.9,1.5,8069.0
101.0,1.5,8065.0
100.9,1.5,8080.0
100.9,1.5,8072.0
101.0,1.5,8075.0
101.1,1.5,8081.0
101.1,1.5,8065.0
101.0,1.5,8079.0
100.8,1.5,8095.0
100.9,1.5,8079.0
100.9,1.5,8079.0
101.0,1.5,8071.0
101.0,1.5,8084.0
100.9,1.5,8067.0
101.0,1.5,8078.0
101.1,1.5,8087.0
101.1,1.5,8062.0
101.0,1.5,8071.0
101.1,1.5,8075.0
100.9,1.5,8067.0
101.0,1.5,8085.0
101.0,1.5,8088.0
101.0,1.5,8071.0
100.8,1.5,8082.0
100.8,1.5,8076.0
100.8,1.5,8068.0
101.0,1.5,8073.0
101.0,1.5,8073.0
101.0,1.5,8072.0
100.8,1.5,8066.0
100.6,1.5,8066.0
100.6,1.5,8078.0
100.6,1.5,8057.0
100.6,1.5,8061.0
100.6,1.5,8079.0
100.6,1.5,8069.0
100.6,1.5,8078.0
100.5,1.5,8065.0
100.4,1.5,8057.0
100.5,1.5,8079.0
100.6,1.5,8070.0
100.6,1.5,8062.0
100.6,1.5,8072.0
100.6,1.5,8068.0
100.5,1.5,8077.0
100.5,1.5,8083.0
100.4,1.5,8065.0
100.5,1.5,8066.0
100.6,1.5,8073.0
100.6,1.5,8071.0
100.7,1.5,8085.0
100.6,1.5,8072.0
100.7,1.5,8070.0
100.5,1.5,8073.0
100.5,1.5,8057.0
100.4,1.5,8068.0
100.3,1.5,8070.0
100.2,1.5,8064.0
100.2,1.5,8078.0
100.3,1.5,8063.0
100.3,1.5,8066.0
100.5,1.5,8074.0
100.7,1.5,8058.0
100.7,1.5,8072.0
100.7,1.5,8077.0
100.6,1.5,8064.0
100.7,1.5,8074.0
100.8,1.5,8060.0
100.6,1.5,8072.0
100.6,1.5,8066.0
100.6,1.5,8070.0
100.7,1.5,8078.0
100.8,1.5,8070.0
100.9,1.5,8073.0
100.8,1.5,8066.0
100.7,1.5,8075.0
100.6,1.5,8075.0
100.7,1.5,8076.0
100.8,1.5,8060.0
100.8,1.5,8063.0
100.7,1.5,8072.0
100.7,1.5,8065.0
100.7,1.5,8078.0
100.7,1.5,8059.0
100.8,1.5,8061.0
100.9,1.5,8076.0
100.9,1.5,8063.0
100.9,1.5,8077.0
100.9,1.5,8070.0
100.9,1.5,8079.0
100.8,1.5,8083.0
100.9,1.5,8065.0
100.7,1.5,8071.0
100.8,1.5,8069.0
100.8,1.5,8062.0
100.8,1.5,8072.0
100.7,1.5,8082.0
100.7,1.5,8066.0
100.7,1.5,8066.0
100.6,1.5,8062.0
100.5,1.5,8064.0
100.4,1.5,8081.0
100.3,1.5,8071.0
100.3,1.5,8058.0
100.4,1.5,8068.0
100.5,1.5,8060.0
100.6,1.5,8074.0
100.7,1.5,8058.0
100.8,1.5,8069.0
100.7,1.5,8070.0
100.8,1.5,8052.0
100.9,1.5,8073.0
100.8,1.5,8063.0
100.8,1.5,8060.0
100.8,1.5,8073.0
100.8,1.5,8059.0
100.7,1.5,8060.0
100.5,1.5,8061.0
100.6,1.5,8054.0
100.7,1.5,8062.0
100.7,1.5,8068.0
100.7,1.5,8063.0
100.8,1.5,8064.0
100.6,1.5,8064.0
100.5,1.5,8058.0
100.4,1.5,8077.0
100.3,1.5,8056.0
100.6,1.5,8065.0
100.7,1.5,8077.0
100.7,1.5,8059.0
100.8,1.5,8071.0
100.5,1.5,8065.0
100.4,1.5,8061.0
100.5,1.5,8075.0
100.6,1.5,8065.0
100.7,1.5,8064.0
100.8,1.5,8080.0
100.7,1.5,8069.0
100.5,1.5,8075.0
100.5,1.5,8077.0
100.4,1.5,8067.0
100.3,1.5,8082.0
100.4,1.5,8080.0
100.2,1.5,8076.0
100.2,1.5,8092.0
100.3,1.5,8073.0
100.2,1.5,8076.0
100.3,1.5,8075.0
100.1,1.5,8073.0
100.2,1.5,8089.0
100.4,1.5,8085.0
100.5,1.5,8083.0
100.5,1.5,8084.0
100.5,1.5,8069.0
100.4,1.5,8075.0
100.4,1.5,8081.0
100.8,1.5,8079.0
100.9,1.5,8083.0
100.9,1.5,8080.0
100.8,1.5,8066.0
100.8,1.5,8083.0
100.8,1.5,8070.0
100.7,1.5,8072.0
100.7,1.5,8069.0
100.7,1.5,8076.0
100.6,1.5,8078.0
100.5,1.5,8070.0
100.7,1.5,8068.0
100.6,1.5,8071.0
100.8,1.5,8069.0
100.9,1.5,8068.0
101.0,1.5,8062.0
101.2,1.5,8065.0
101.1,1.5,8067.0
101.0,1.5,8070.0
101.2,1.5,8065.0
101.1,1.5,8078.0
101.1,1.5,8059.0
101.2,1.5,8055.0
101.1,1.5,8069.0
101.2,1.5,8063.0
101.0,1.5,8068.0
100.9,1.5,8061.0
100.7,1.5,8065.0
100.8,1.5,8063.0
100.8,1.5,8058.0
100.8,1.5,8080.0
100.7,1.5,8076.0
100.6,1.5,8071.0
100.7,1.5,8076.0
100.8,1.5,8066.0
100.8,1.5,8069.0
100.9,1.5,8080.0
101.1,1.5,8075.0
101.2,1.5,8077.0
101.2,1.5,8088.0
101.2,1.5,8078.0
101.1,1.5,8075.0
101.1,1.5,8077.0
101.0,1.5,8073.0
101.2,1.5,8083.0
101.2,1.5,8085.0
101.0,1.5,8081.0
100.9,1.5,8074.0
100.9,1.5,8065.0
101.0,1.5,8086.0
101.1,1.5,8077.0
101.1,1.5,8073.0
101.2,1.5,8084.0
101.1,1.5,8062.0
101.1,1.5,8078.0
101.0,1.5,8088.0
100.9,1.5,8079.0
100.8,1.5,8082.0
100.7,1.5,8081.0
100.6,1.5,8064.0
100.7,1.5,8075.0
100.5,1.5,8080.0
100.6,1.5,8080.0
100.6,1.5,8075.0
100.7,1.5,8079.0
100.8,1.5,8075.0
100.8,1.5,8076.0
100.8,1.5,8067.0
100.8,1.5,8082.0
100.9,1.5,8068.0
100.9,1.5,8067.0
100.9,1.5,8085.0
101.0,1.5,8061.0
100.9,1.5,8071.0
100.8,1.5,8073.0
100.8,1.5,8057.0
100.9,1.5,8081.0
101.0,1.5,8066.0
101.0,1.5,8068.0
101.0,1.5,8079.0
101.0,1.5,8075.0
101.1,1.5,8071.0
101.1,1.5,8081.0
101.0,1.5,8063.0
101.1,1.5,8075.0
101.2,1.5,8073.0
101.1,1.5,8076.0
101.2,1.5,8088.0
101.2,1.5,8067.0
101.1,1.5,8069.0
101.0,1.5,8071.0
101.0,1.5,8073.0
101.0,1.5,8084.0
101.1,1.5,8079.0
101.0,1.5,8063.0
101.0,1.5,8070.0
101.1,1.5,8071.0
101.1,1.5,8067.0
101.1,1.5,8079.0
101.0,1.5,8065.0
100.9,1.5,8069.0
101.0,1.5,8087.0
101.0,1.5,8069.0
100.9,1.5,8068.0
100.9,1.5,8073.0
100.8,1.5,8084.0
100.8,1.5,8080.0
100.7,1.5,8073.0
100.7,1.5,8081.0
100.9,1.5,8073.0
100.8,1.5,8073.0
100.7,1.5,8086.0
100.9,1.5,8080.0
100.9,1.5,8072.0
101.0,1.5,8079.0
100.9,1.5,8067.0
100.8,1.5,8081.0
100.8,1.5,8089.0
101.0,1.5,8079.0
101.0,1.5,8074.0
100.8,1.5,8081.0
100.7,1.5,8070.0
100.6,1.5,8078.0
100.5,1.5,8078.0
100.6,1.5,8099.0
100.4,1.5,8079.0
100.5,1.5,8082.0
100.5,1.5,8084.0
100.4,1.5,8075.0
100.5,1.5,8091.0
100.6,1.5,8102.0
100.7,1.5,8081.0
100.8,1.5,8084.0
100.8,1.5,8085.0
100.5,1.5,8075.0
100.4,1.5,8086.0
100.3,1.5,8088.0
100.3,1.5,8085.0
100.3,1.5,8088.0
100.4,1.5,8080.0
100.4,1.5,8071.0
100.5,1.5,8079.0
100.5,1.5,8077.0
100.5,1.5,8091.0
100.6,1.5,8081.0
100.4,1.5,8079.0
100.6,1.5,8088.0
100.5,1.5,8066.0
100.4,1.5,8083.0
100.4,1.5,8087.0
100.5,1.5,8067.0
100.6,1.5,8084.0
100.5,1.5,8071.0
100.6,1.5,8073.0
100.7,1.5,8093.0
100.7,1.5,8079.0
100.8,1.5,8074.0
100.9,1.5,8088.0
100.9,1.5,8075.0
100.9,1.5,8076.0
101.1,1.5,8085.0
100.9,1.5,8079.0
100.8,1.5,8086.0
100.9,1.5,8075.0
100.7,1.5,8075.0
100.6,1.5,8087.0
100.7,1.5,8079.0
100.7,1.5,8087.0
100.7,1.5,8087.0
100.7,1.5,8084.0
100.8,1.5,8099.0
100.8,1.5,8084.0
100.7,1.5,8085.0
100.6,1.5,8102.0
100.7,1.5,8083.0
100.6,1.5,8088.0
100.6,1.5,8100.0
100.6,1.5,8083.0
100.5,1.5,8097.0
100.5,1.5,8103.0
100.5,1.5,8096.0
100.4,1.5,8099.0
100.4,1.5,8092.0
100.5,1.5,8092.0
100.4,1.5,8102.0
100.3,1.5,8101.0
100.5,1.5,8103.0
100.7,1.5,8095.0
100.9,1.5,8083.0
100.9,1.5,8085.0
100.9,1.5,8089.0
100.9,1.5,8089.0
100.8,1.5,8103.0
100.9,1.5,8083.0
101.0,1.5,8089.0
100.9,1.5,8093.0
100.8,1.5,8091.0
100.9,1.5,8096.0
100.9,1.5,8092.0
100.8,1.5,8096.0
100.7,1.5,8083.0
100.7,1.5,8085.0
100.6,1.5,8096.0
100.6,1.5,8082.0
100.5,1.5,8083.0
100.4,1.5,8089.0
100.5,1.5,8083.0
100.6,1.5,8084.0
100.5,1.5,8084.0
100.3,1.5,8081.0
100.3,1.5,8089.0
100.4,1.5,8071.0
100.4,1.5,8075.0
100.4,1.5,8077.0
100.3,1.5,8082.0
100.4,1.5,8088.0
100.5,1.5,8094.0
100.5,1.5,8087.0
100.7,1.5,8096.0
100.6,1.5,8072.0
100.7,1.5,8086.0
100.7,1.5,8102.0
100.8,1.5,8092.0
101.0,1.5,8098.0
101.0,1.5,8101.0
101.0,1.5,8085.0
101.0,1.5,8098.0
101.0,1.5,8101.0
101.1,1.5,8101.0
101.0,1.5,8109.0
100.9,1.5,8101.0
101.0,1.5,8102.0
101.1,1.5,8104.0
101.1,1.5,8095.0
101.2,1.5,8104.0
101.1,1.5,8106.0
101.1,1.5,8103.0
101.2,1.8,8105.0
101.1,1.7,8094.0
101.0,1.7,8100.0
101.1,1.7,8105.0
101.1,1.8,8093.0
101.1,1.7,8116.0
101.0,1.8,8105.0
101.0,1.7,8087.0
101.1,1.7,8105.0
101.0,1.7,8064.0
100.9,1.8,8050.0
100.7,1.8,8065.0
100.6,1.8,8021.0
100.7,1.8,8012.0
100.5,1.8,8035.0
100.5,1.8,8037.0
100.5,1.7,8039.0
100.5,1.7,8031.0
100.3,1.7,8007.0
100.1,1.8,8016.0
100.1,1.7,8002.0
100.2,1.7,8023.0
100.0,1.7,8014.0
100.0,1.8,8015.0
99.9,1.8,8026.0
99.9,1.7,8019.0
99.9,1.7,8021.0
99.9,1.7,8028.0
99.8,1.8,8018.0
99.7,1.7,8034.0
99.6,1.8,8037.0
99.6,1.7,8033.0
99.4,1.8,8025.0
99.3,1.8,8027.0
99.4,1.7,8013.0
99.3,1.8,8030.0
99.3,1.8,8023.0
99.4,1.7,8026.0
99.4,1.7,8024.0
99.4,1.7,8022.0
99.3,1.8,8034.0
99.2,1.8,8027.0
99.2,1.7,8026.0
99.3,1.7,8031.0
99.4,1.7,8021.0
99.3,1.7,8035.0
99.4,1.7,8025.0
99.1,1.8,8027.0
99.0,1.8,8044.0
98.8,1.8,8016.0
98.9,1.7,8031.0
98.9,1.8,8009.0
98.8,1.8,8018.0
98.8,1.8,8023.0
98.7,1.8,8013.0
98.6,1.7,8017.0
98.7,1.7,8020.0
98.7,1.8,8004.0
98.7,1.7,8027.0
98.7,1.7,8027.0
98.6,1.8,8022.0
98.6,1.7,8032.0
98.5,1.8,8019.0
98.4,1.8,8017.0
98.4,1.8,8022.0
98.4,1.8,8012.0
98.6,1.7,8006.0
98.6,1.8,8029.0
98.6,1.8,8012.0
98.5,1.7,8015.0
98.6,1.7,8008.0
98.6,1.8,8019.0
98.7,1.7,8033.0
98.6,1.8,8008.0
98.6,1.7,8023.0
98.5,1.8,8021.0
98.4,1.8,8009.0
98.3,1.8,8024.0
98.2,1.8,8017.0
98.2,1.7,8009.0
98.3,1.7,8018.0
98.3,1.7,8003.0
98.3,1.7,8003.0
98.3,1.8,8022.0
98.3,1.8,8006.0
98.2,1.8,8008.0
98.2,1.8,8015.0
98.3,1.7,8002.0
98.3,1.8,8014.0
98.3,1.8,7996.0
98.5,1.7,8024.0
98.6,1.7,8017.0
98.6,1.8,8002.0
98.7,1.7,8011.0
98.6,1.8,8000.0
98.6,1.8,7997.0
98.5,1.8,8014.0
98.4,1.8,8000.0
98.4,1.7,7996.0
98.5,1.8,8006.0
98.5,1.7,7990.0
98.4,1.8,8001.0
98.3,1.7,8004.0
98.4,1.7,8002.0
98.2,1.8,8013.0
98.2,1.8,8009.0
98.2,1.7,7994.0
98.3,1.7,7993.0
98.2,1.8,8000.0
98.0,1.8,8006.0
98.0,1.8,7999.0
98.2,1.7,7998.0
98.3,1.7,8028.0
98.5,1.7,8024.0
98.5,1.7,8021.0
98.5,1.7,8042.0
98.6,1.7,8033.0
98.6,1.8,8032.0
98.6,1.7,8031.0
98.9,1.7,8016.0
99.0,1.7,8038.0
99.0,1.8,8041.0
99.1,1.7,8039.0
99.3,1.7,8031.0
99.3,1.7,8035.0
99.5,1.7,8027.0
99.5,1.7,8083.0
99.6,1.8,8089.0
99.6,1.7,8086.0
99.7,1.7,8080.0
100.0,1.7,8074.0
100.0,1.7,8068.0
100.0,1.7,8062.0
100.0,1.7,8068.0
100.0,1.7,8077.0
100.1,1.7,8059.0
100.2,1.7,8083.0
100.1,1.7,8070.0
100.0,1.7,8054.0
100.0,1.8,8080.0
100.0,1.7,8074.0
100.1,1.7,8077.0
100.1,1.8,8070.0
100.0,1.7,8059.0
100.1,1.7,8071.0
100.2,1.8,8074.0
100.2,1.7,8070.0
100.3,1.7,8077.0
100.2,1.8,8069.0
100.2,1.8,8077.0
100.1,1.8,8071.0
99.9,1.8,8069.0
99.8,1.7,8079.0
99.8,1.7,8078.0
99.8,1.7,8071.0
100.0,1.7,8074.0
100.1,1.7,8068.0
100.2,1.7,8059.0
100.2,1.7,8086.0
100.2,1.7,8069.0
100.3,1.7,8062.0
100.4,1.8,8080.0
100.3,1.8,8062.0
100.3,1.7,8074.0
100.2,1.8,8083.0
100.2,1.7,8078.0
100.3,1.8,8080.0
100.4,1.7,8065.0
100.5,1.7,8088.0
100.5,1.8,8082.0
100.7,1.7,8063.0
100.9,1.7,8087.0
100.9,1.7,8079.0
100.9,1.7,8087.0
100.8,1.8,8091.0
100.8,1.8,8075.0
100.9,1.7,8084.0
100.6,1.8,8097.0
100.5,1.8,8086.0
100.7,1.7,8083.0
100.6,1.7,8093.0
100.6,1.7,8078.0
100.6,1.7,8096.0
100.6,1.8,8104.0
100.4,1.8,8099.0
100.5,1.7,8087.0
100.5,1.7,8083.0
100.4,1.8,8099.0
100.4,1.7,8105.0
100.6,1.7,8091.0
100.6,1.7,8101.0
100.6,1.7,8086.0
100.8,1.7,8085.0
100.8,1.7,8103.0
100.8,1.7,8084.0
100.7,1.7,8103.0
100.8,1.7,8107.0
100.8,1.8,8094.0
100.8,1.7,8098.0
100.7,1.7,8094.0
100.8,1.7,8097.0
100.9,1.7,8104.0
100.8,1.7,8104.0
100.8,1.7,8089.0
100.9,1.7,8092.0
101.0,1.7,8094.0
101.2,1.7,8102.0
101.2,1.7,8092.0
101.2,1.8,8095.0
101.0,1.8,8101.0
100.9,1.7,8093.0
100.9,1.7,8087.0
100.9,1.8,8110.0
100.9,1.8,8092.0
100.9,1.7,8109.0
100.6,1.8,8103.0
100.5,1.8,8088.0
100.6,1.7,8102.0
100.6,1.7,8093.0
100.7,1.7,8113.0
100.6,1.7,8112.0
100.5,1.7,8094.0
100.5,1.7,8099.0
100.6,1.8,8083.0
100.5,1.7,8101.0
100.6,1.7,8119.0
100.5,1.8,8101.0
100.6,1.7,8111.0
100.5,1.8,8107.0
100.4,1.7,8103.0
100.5,1.7,8104.0
100.6,1.7,8101.0
100.5,1.8,8106.0
100.3,1.8,8114.0
100.3,1.7,8152.5
100.4,1.7,8127.5
100.6,1.7,8125.0
100.6,1.7,8125.0
100.4,1.8,8153.5
100.4,1.7,8127.5
100.3,1.7,8152.5
100.4,1.7,8127.5
100.4,1.7,8127.5
100.3,1.7,8152.5
100.3,1.7,8152.5
100.2,1.7,8135.5
100.1,1.7,8103.0
100.2,1.7,8135.5
100.3,1.7,8152.5
100.5,1.7,8076.0
100.4,1.8,8125.0
100.5,1.7,8076.0
100.5,1.8,8146.5
100.5,1.7,8076.0
100.5,1.7,8076.0
100.5,1.7,8076.0
100.3,1.8,8153.0
100.4,1.8,8148.5
100.4,1.7,8140.0
100.4,1.8,8148.5
100.4,1.7,8140.0
100.6,1.7,8125.0
100.5,1.7,8076.0
100.6,1.7,8125.0
100.7,1.7,8136.5
100.7,1.7,8136.5
100.6,1.7,8125.0
100.5,1.8,8146.5
100.5,1.7,8076.0
100.7,1.7,8136.5
100.6,1.8,8129.0
100.7,1.7,8136.5
100.7,1.7,8136.5
100.7,1.7,8136.5
100.7,1.7,8136.5
100.7,1.7,8136.5
100.6,1.8,8129.0
100.6,1.7,8125.0
100.5,1.7,8076.0
100.4,1.8,8133.0
100.4,1.7,8140.0
100.6,1.7,8125.0
100.3,1.8,8153.0
100.3,1.7,8158.0
100.4,1.7,8127.5
100.4,1.7,8127.5
100.5,1.7,8076.0
100.6,1.7,8125.0
100.5,1.7,8076.0
100.4,1.8,8133.0
100.4,1.7,8127.5
100.5,1.7,8076.0
100.3,1.7,8158.0
100.2,1.8,8145.5
100.2,1.8,8145.5
100.4,1.7,8127.5
100.5,1.7,8076.0
100.5,1.7,8076.0
100.5,1.7,8076.0
100.7,1.7,8136.5
100.7,1.7,8136.5
100.8,1.7,8112.0
100.7,1.8,8161.0
100.9,1.7,8089.5
100.7,1.8,8113.0
100.7,1.7,8114.0
100.8,1.7,8113.0
100.7,1.7,8106.0
100.6,1.8,8123.0
100.5,1.7,8109.0
100.6,1.7,8123.0
100.5,1.8,8119.0
100.5,1.8,8122.0
100.5,1.7,8130.0
100.5,1.7,8130.0
100.5,1.7,8117.0
100.5,1.8,8123.0
100.4,1.8,8133.0
100.5,1.7,8134.0
100.4,1.8,8142.0
100.5,1.7,8128.0
100.3,1.8,8126.0
100.4,1.7,8121.0
100.4,1.7,8134.0
100.4,1.7,8146.0
100.3,1.7,8140.0
100.1,1.8,8130.0
100.1,1.8,8140.0
100.2,1.7,8133.0
100.2,1.7,8136.0
100.1,1.7,8138.0
100.0,1.8,8121.0
100.0,1.7,8140.0
100.1,1.7,8127.0
100.1,1.8,8128.0
100.2,1.7,8136.0
100.2,1.8,8123.0
100.2,1.7,8134.0
100.1,1.7,8138.0
100.1,1.7,8131.0
100.2,1.7,8121.0
100.4,1.7,8124.0
100.4,1.7,8140.0
100.4,1.7,8134.0
100.5,1.7,8124.0
100.4,1.8,8114.0
100.3,1.8,8124.0
100.2,1.8,8124.0
100.3,1.7,8132.0
100.2,1.8,8130.0
100.1,1.8,8118.0
100.1,1.7,8133.0
100.0,1.7,8123.0
99.9,1.8,8115.0
100.1,1.7,8138.0
100.1,1.7,8118.0
100.0,1.8,8130.0
100.1,1.7,8134.0
100.2,1.7,8119.0
100.1,1.8,8130.0
100.2,1.7,8135.0
100.1,1.7,8123.0
100.1,1.8,8134.0
100.1,1.7,8114.0
100.2,1.7,8135.0
100.3,1.7,8136.0
100.4,1.7,8128.0
100.3,1.8,8135.0
100.2,1.7,8118.0
100.1,1.7,8130.0
100.2,1.8,8133.0
100.2,1.7,8131.0
100.2,1.8,8136.0
100.2,1.8,8139.0
100.3,1.7,8129.0
100.4,1.7,8142.0
100.3,1.7,8137.0
100.5,1.7,8113.0
100.5,1.8,8131.0
100.6,1.7,8134.0
100.5,1.8,8138.0
100.4,1.8,8143.0
100.3,1.8,8130.0
100.3,1.8,8119.0
100.3,1.8,8128.0
100.3,1.7,8134.0
100.4,1.7,8128.0
100.4,1.7,8122.0
100.4,1.7,8129.0
100.4,1.7,8131.0
100.4,1.7,8127.0
100.3,1.7,8129.0
100.3,1.8,8127.0
100.4,1.7,8130.0
100.4,1.7,8134.0
100.4,1.7,8140.0
100.3,1.7,8123.0
100.4,1.7,8136.0
100.4,1.8,8118.0
100.3,1.8,8136.0
100.6,1.7,8139.0
100.6,1.7,8117.0
100.3,1.8,8127.0
100.3,1.7,8128.0
100.3,1.7,8138.0
100.4,1.8,8136.0
100.3,1.7,8129.0
100.3,1.8,8138.0
100.2,1.7,8138.0
100.3,1.7,8129.0
100.2,1.7,8150.0
100.2,1.7,8129.0
100.1,1.7,8136.0
100.1,1.8,8131.0
100.1,1.7,8120.0
100.1,1.7,8134.0
100.1,1.7,8129.0
100.2,1.7,8135.0
100.3,1.7,8136.0
100.3,1.7,8151.0
100.1,1.8,8127.0
100.3,1.7,8141.0
100.2,1.8,8146.0
100.2,1.8,8136.0
100.1,1.8,8137.0
100.0,1.7,8133.0
100.1,1.7,8133.0
100.2,1.7,8140.0
100.2,1.7,8140.0
100.3,1.8,8155.0
100.4,1.7,8124.0
100.3,1.8,8130.0
100.3,1.7,8144.0
100.3,1.7,8132.0
100.3,1.8,8141.0
100.4,1.7,8138.0
100.5,1.7,8137.0
100.4,1.7,8139.0
100.4,1.7,8128.0
100.4,1.7,8133.0
100.3,1.8,8142.0
100.1,1.7,8146.0
100.3,1.7,8138.0
100.2,1.8,8148.0
100.1,1.8,8130.0
100.2,1.7,8133.0
100.3,1.7,8134.0
100.1,1.8,8149.0
100.2,1.7,8147.0
100.2,1.7,8137.0
100.2,1.7,8137.0
100.3,1.7,8146.0
100.4,1.7,8132.0
100.2,1.8,8139.0
100.2,1.7,8151.0
100.1,1.7,8131.0
100.2,1.7,8149.0
100.3,1.7,8137.0
100.4,1.7,8141.0
100.3,1.7,8152.0
100.5,1.7,8150.0
100.5,1.8,8151.0
100.5,1.7,8152.0
100.5,1.7,8139.0
100.7,1.7,8162.0
100.8,1.7,8140.0
100.9,1.7,8149.0
100.9,1.7,8142.0
101.0,1.7,8138.0
100.9,1.8,8154.0
100.9,1.7,8146.0
100.6,1.8,8147.0
100.5,1.8,8152.0
100.4,1.8,8152.0
100.4,1.7,8164.0
100.5,1.7,8162.0
100.5,1.7,8140.0
100.6,1.7,8137.0
100.5,1.7,8148.0
100.7,1.7,8157.0
100.5,1.7,8159.0
100.7,1.7,8143.0
100.6,1.7,8129.0
100.4,1.8,8151.0
100.4,1.7,8144.0
100.2,1.8,8157.0
100.3,1.7,8146.0
100.3,1.7,8129.0
100.2,1.8,8149.0
100.1,1.7,8140.0
100.2,1.7,8149.0
100.2,1.7,8142.0
100.2,1.7,8130.0
100.2,1.7,8143.0
100.4,1.7,8136.0
100.2,1.8,8145.0
100.1,1.7,8138.0
100.1,1.8,8148.0
100.2,1.7,8136.0
100.1,1.7,8144.0
100.1,1.7,8149.0
100.3,1.7,8139.0
100.3,1.7,8158.0
100.4,1.7,8152.0
100.3,1.7,8148.0
100.4,1.7,8146.0
100.2,1.8,8138.0
100.2,1.7,8159.0
100.1,1.7,8152.0
100.2,1.7,8156.0
100.4,1.7,8160.0
100.4,1.8,8145.0
100.3,1.7,8159.0
100.3,1.7,8155.0
100.2,1.7,8151.0
100.3,1.7,8157.0
100.3,1.8,8141.0
100.3,1.8,8148.0
100.1,1.8,8150.0
100.1,1.7,8124.0
100.1,1.7,8153.0
100.2,1.7,8160.0
100.3,1.7,8156.0
100.3,1.7,8151.0
100.4,1.7,8139.0
100.4,1.8,8155.0
100.6,1.7,8156.0
100.6,1.7,8152.0
100.6,1.8,8147.0
100.5,1.7,8130.0
100.5,1.7,8132.0
100.4,1.8,8152.0
100.4,1.8,8152.0
100.3,1.7,8151.0
100.3,1.8,8135.0
100.4,1.7,8134.0
100.3,1.8,8148.0
100.4,1.7,8146.0
100.3,1.7,8132.0
100.3,1.7,8155.0
100.4,1.7,8160.0
100.4,1.7,8147.0
100.5,1.8,8151.0
100.3,1.8,8127.0
100.4,1.7,8148.0
100.4,1.7,8150.0
100.5,1.7,8147.0
100.5,1.7,8156.0
100.4,1.7,8142.0
100.6,1.7,8153.0
100.7,1.8,8163.0
100.7,1.7,8160.0
100.8,1.7,8157.0
100.8,1.8,8148.0
100.9,1.7,8155.0
100.9,1.8,8157.0
100.9,1.8,8171.0
100.9,1.8,8147.0
100.8,1.8,8166.0
100.7,1.8,8154.0
100.8,1.8,8160.0
100.8,1.8,8165.0
100.8,1.8,8150.0
100.8,1.7,8162.0
100.7,1.8,8163.0
100.6,1.8,8155.0
100.8,1.7,8164.0
100.8,1.8,8143.0
100.9,1.7,8158.0
100.9,1.8,8167.0
100.9,1.8,8152.0
100.8,1.8,8165.0
100.7,1.8,8158.0
100.8,1.8,8152.0
101.0,1.7,8162.0
100.9,1.8,8150.0
101.0,1.7,8154.0
100.8,1.8,8160.0
100.8,1.8,8157.0
100.9,1.8,8163.0
101.0,1.8,8154.0
100.9,1.8,8157.0
100.9,1.8,8158.0
100.6,1.8,8162.0
100.6,1.8,8162.0
100.7,1.8,8159.0
100.6,1.8,8154.0
100.4,1.8,8158.0
100.4,1.7,8168.0
100.4,1.8,8147.0
100.6,1.7,8159.0
100.6,1.8,8155.0
100.5,1.8,8161.0
100.3,1.8,8176.0
100.2,1.8,8160.0
100.1,1.8,8160.0
100.0,1.8,8167.0
100.3,1.8,8163.0
100.2,1.8,8160.0
100.2,1.8,8163.0
100.2,1.8,8176.0
100.3,1.7,8172.0
100.3,1.8,8158.0
100.1,1.8,8170.0
100.1,1.8,8159.0
100.2,1.7,8167.0
100.2,1.8,8176.0
100.2,1.8,8168.0
100.4,1.7,8167.0
100.5,1.8,8163.0
100.5,1.7,8165.0
100.5,1.8,8169.0
100.5,1.8,8186.0
100.5,1.8,8162.0
100.4,1.8,8169.0
100.4,1.8,8170.0
100.2,1.8,8161.0
100.2,1.7,8180.0
100.3,1.8,8157.0
100.1,1.8,8169.0
100.0,1.8,8172.0
99.9,1.8,8161.0
99.9,1.8,8173.0
99.9,1.8,8169.0
99.8,1.8,8164.0
99.9,1.7,8191.0
100.0,1.8,8166.0
100.0,1.8,8166.0
100.0,1.8,8165.0
100.0,1.8,8169.0
100.0,1.8,8176.0
99.8,1.8,8178.0
99.9,1.7,8167.0
100.0,1.8,8171.0
100.2,1.8,8158.0
100.2,1.8,8154.0
100.1,1.8,8170.0
100.0,1.8,8168.0
100.1,1.8,8182.0
100.0,1.8,8165.0
99.9,1.8,8169.0
99.7,1.8,8174.0
99.7,1.8,8161.0
99.8,1.7,8166.0
99.8,1.8,8175.0
99.8,1.8,8174.0
99.8,1.8,8174.0
99.8,1.8,8180.0
99.8,1.8,8166.0
99.6,1.8,8180.0
99.7,1.8,8178.0
99.8,1.8,8172.0
99.9,1.8,8171.0
99.9,1.8,8170.0
99.7,1.8,8178.0
99.8,1.7,8190.0
99.8,1.8,8175.0
100.0,1.8,8192.0
100.0,1.8,8173.0
100.1,1.7,8185.0
100.1,1.8,8186.0
100.1,1.8,8182.0
100.3,1.7,8182.0
100.3,1.8,8176.0
100.3,1.8,8168.0
100.2,1.8,8173.0
100.1,1.8,8186.0
100.1,1.8,8170.0
100.1,1.8,8186.0
100.0,1.8,8184.0
100.0,1.8,8176.0
99.9,1.8,8189.0
99.8,1.8,8173.0
99.8,1.8,8183.0
99.7,1.8,8180.0
99.8,1.8,8171.0
99.8,1.8,8192.0
99.8,1.8,8174.0
99.9,1.8,8175.0
100.0,1.8,8185.0
100.0,1.8,8169.0
100.1,1.8,8187.0
100.1,1.8,8180.0
100.1,1.8,8172.0
100.0,1.8,8178.0
100.1,1.8,8182.0
100.1,1.8,8188.0
100.0,1.8,8188.0
99.8,1.8,8173.0
99.9,1.8,8191.0
99.8,1.8,8192.0
99.9,1.8,8185.0
100.0,1.8,8186.0
100.1,2.0,8181.0
100.2,2.0,8190.0
100.1,2.0,8180.0
100.2,2.0,8189.0
100.3,2.0,8197.0
100.3,2.0,8195.0
100.2,2.0,8178.0
100.2,2.0,8193.0
100.2,2.0,8194.0
100.1,2.0,8177.0
99.9,2.0,8199.0
100.0,2.0,8200.0
99.9,2.0,8202.0
99.9,2.0,8204.0
99.8,2.0,8186.0
99.7,2.0,8190.0
99.7,2.0,8188.0
99.8,2.0,8197.0
99.7,2.0,8192.0
99.9,2.0,8191.0
99.9,2.0,8174.0
100.0,2.0,8194.0
100.1,2.0,8188.0
100.2,2.0,8200.0
100.2,2.0,8187.0
100.0,2.0,8197.0
99.9,2.0,8204.0
99.9,2.0,8183.0
99.9,2.0,8188.0
99.9,2.0,8204.0
100.0,2.0,8179.0
99.9,2.0,8197.0
99.9,2.0,8189.0
99.8,2.0,8164.0
99.9,2.0,8194.0
100.0,2.0,8185.0
100.0,2.0,8194.0
100.0,2.0,8196.0
100.1,2.0,8180.0
100.0,2.0,8185.0
99.8,2.0,8181.0
99.7,2.0,8182.0
99.6,2.0,8199.0
99.7,2.0,8171.0
99.8,2.0,8196.0
99.9,2.0,8197.0
100.2,2.0,8177.0
100.3,2.0,8186.0
100.3,2.0,8189.0
100.3,2.0,8195.0
100.1,2.0,8196.0
100.1,2.0,8179.0
100.1,2.0,8175.0
100.1,2.0,8196.0
100.2,2.0,8205.0
100.2,2.0,8189.0
100.1,2.0,8198.0
100.0,2.0,8177.0
100.0,2.0,8188.0
99.9,2.0,8193.0
99.9,2.0,8197.0
100.0,2.0,8194.0
100.0,2.0,8176.0
100.1,2.0,8183.0
100.0,2.0,8197.0
100.3,2.0,8181.0
100.2,2.0,8199.0
100.2,2.0,8190.0
100.2,2.0,8179.0
100.1,2.0,8201.0
100.0,2.0,8178.0
100.0,2.0,8175.0
100.1,2.0,8185.0
100.0,2.0,8190.0
100.1,2.0,8190.0
100.1,2.0,8195.0
99.9,2.0,8178.0
100.0,2.0,8183.0
99.9,2.0,8177.0
100.1,2.0,8195.0
100.1,2.0,8185.0
100.1,2.0,8180.0
100.1,2.0,8185.0
100.1,2.0,8191.0
99.9,2.0,8181.0
99.7,2.0,8182.0
99.8,2.0,8183.0
100.0,2.0,8181.0
99.9,2.0,8201.0
99.8,2.0,8182.0
100.0,2.0,8193.0
100.2,2.0,8187.0
100.3,2.0,8184.0
100.2,2.0,8193.0
100.1,2.0,8182.0
99.9,2.0,8193.0
99.8,2.0,8201.0
99.8,2.0,8192.0
99.9,2.0,8209.0
99.7,2.0,8188.0
99.8,2.0,8186.0
99.7,2.0,8199.0
99.8,2.0,8196.0
99.8,2.0,8204.0
99.9,2.0,8194.0
99.8,2.0,8192.0
100.0,2.0,8199.0
100.1,2.0,8194.0
100.4,2.0,8185.0
100.2,2.0,8195.0
100.2,2.0,8203.0
100.2,2.0,8184.0
100.2,2.0,8198.0
100.2,2.0,8183.0
100.2,2.0,8180.0
100.2,2.0,8186.0
100.3,2.0,8196.0
100.4,2.0,8194.0
100.4,2.0,8181.0
100.4,2.0,8185.0
100.3,2.0,8205.0
100.4,2.0,8183.0
100.3,2.0,8195.0
100.4,2.0,8189.0
100.2,2.0,8181.0
100.3,2.0,8196.0
100.3,2.0,8188.0
100.3,2.0,8189.0
100.2,2.0,8203.0
100.1,2.0,8191.0
100.3,2.0,8190.0
100.2,2.0,8190.0
100.2,2.0,8184.0
100.2,2.0,8187.0
100.3,2.0,8206.0
100.4,2.0,8185.0
100.4,2.0,8192.0
100.4,2.0,8176.0
100.4,2.0,8190.0
100.3,2.0,8198.0
100.3,2.0,8193.0
100.4,2.0,8193.0
100.3,2.0,8195.0
100.3,2.0,8180.0
100.2,2.0,8204.0
100.2,2.0,8191.0
100.2,2.0,8208.0
100.3,2.0,8207.0
100.3,2.0,8197.0
100.3,2.0,8205.0
100.2,2.0,8204.0
100.3,2.0,8192.0
100.4,2.0,8211.0
100.3,2.0,8214.0
100.4,2.0,8202.0
100.5,2.0,8207.0
100.5,2.0,8193.0
100.6,2.0,8206.0
100.6,2.0,8206.0
100.6,2.0,8206.0
100.4,2.0,8211.0
100.3,2.0,8196.0
100.3,2.0,8197.0
100.2,2.0,8208.0
100.3,2.0,8208.0
100.3,2.0,8204.0
100.4,2.0,8206.0
100.3,2.0,8202.0
100.2,2.0,8201.0
100.1,2.0,8210.0
100.1,2.0,8193.0
100.1,2.0,8221.0
100.1,2.0,8208.0
100.4,2.0,8210.0
100.5,2.0,8206.0
100.6,2.0,8208.0
100.5,2.0,8215.0
100.5,2.0,8202.0
100.6,2.0,8197.0
100.8,2.0,8210.0
100.8,2.0,8205.0
100.8,2.0,8203.0
100.7,2.0,8212.0
100.6,2.0,8199.0
100.5,2.0,8204.0
100.4,2.0,8208.0
100.5,2.0,8210.0
100.6,2.0,8206.0
100.8,2.0,8218.0
100.7,2.0,8212.0
100.5,2.0,8226.0
100.5,2.0,8216.0
100.4,2.0,8201.0
100.5,2.0,8219.0
100.4,2.0,8219.0
100.4,2.0,8231.0
100.5,2.0,8222.0
100.3,2.0,8216.0
100.4,2.0,8220.0
100.3,2.0,8214.0
100.2,2.0,8235.0
100.2,2.0,8230.0
100.2,2.0,8211.0
100.4,2.0,8224.0
100.4,2.0,8219.0
100.3,2.0,8227.0
100.4,2.0,8229.0
100.3,2.0,8210.0
100.5,2.0,8216.0
100.4,2.0,8230.0
100.4,2.0,8222.0
100.4,2.0,8229.0
100.3,2.0,8219.0
100.3,2.0,8234.0
100.3,2.0,8229.0
100.4,2.0,8220.0
100.4,2.0,8226.0
100.2,2.0,8213.0
100.2,2.0,8222.0
100.2,2.0,8233.0
100.4,2.0,8235.0
100.2,2.0,8218.0
100.3,2.0,8217.0
100.1,2.0,8207.0
100.2,2.0,8213.0
100.2,2.0,8231.0
100.3,2.0,8219.0
100.2,2.0,8223.0
100.2,2.0,8221.0
100.2,2.0,8201.0
100.3,2.0,8222.0
100.4,2.0,8221.0
100.3,2.0,8225.0
100.4,2.0,8231.0
100.6,2.0,8209.0
100.6,2.0,8219.0
100.4,2.0,8210.0
100.5,2.0,8222.0
100.5,2.0,8229.0
100.5,2.0,8205.0
100.4,2.0,8217.0
100.4,2.0,8232.0
100.4,2.0,8224.0
100.4,2.0,8222.0
100.5,2.0,8225.0
100.5,2.0,8216.0
100.7,2.0,8232.0
100.5,2.0,8229.0
100.4,2.0,8203.0
100.5,2.0,8231.0
100.3,2.0,8233.0
100.3,2.0,8240.0
100.4,2.0,8240.0
100.5,2.0,8224.0
100.5,2.0,8230.0
100.6,2.0,8222.0
100.7,2.0,8229.0
100.8,2.0,8246.0
100.6,2.0,8221.0
100.7,2.0,8220.0
100.8,2.0,8220.0
100.8,2.0,8220.0
100.7,2.0,8234.0
100.7,2.0,8218.0
100.7,2.0,8222.0
100.7,2.0,8230.0
100.7,2.0,8236.0
100.8,2.0,8217.0
100.7,2.0,8221.0
100.6,2.0,8227.0
100.8,2.0,8230.0
100.8,2.0,8220.0
100.7,2.0,8227.0
100.7,2.0,8222.0
100.6,2.0,8220.0
100.5,2.0,8222.0
100.4,2.0,8220.0
100.2,2.0,8217.0
100.2,2.0,8224.0
100.3,2.0,8228.0
100.3,2.0,8216.0
100.3,2.0,8239.0
100.2,2.0,8218.0
100.2,2.0,8213.0
100.3,2.0,8228.0
100.3,2.0,8217.0
100.3,2.0,8230.0
100.3,2.0,8226.0
100.4,2.0,8228.0
100.3,2.0,8232.0
100.2,2.0,8216.0
100.2,2.0,8231.0
100.2,2.0,8219.0
100.2,2.0,8227.0
100.0,2.0,8247.0
100.0,2.0,8221.0
100.1,2.0,8224.0
100.1,2.0,8221.0
100.3,2.0,8228.0
100.2,2.0,8234.0
100.1,2.0,8224.0
100.1,2.0,8223.0
100.0,2.0,8231.0
100.1,2.0,8240.0
100.3,2.0,8226.0
100.4,2.0,8233.0
100.2,2.0,8230.0
100.3,2.0,8223.0
100.3,2.0,8238.0
100.2,2.0,8229.0
100.3,2.0,8224.0
100.2,2.0,8227.0
100.4,2.0,8219.0
100.4,2.0,8240.0
100.4,2.0,8217.0
100.4,2.0,8216.0
100.3,2.0,8229.0
100.5,2.0,8226.0
100.5,2.0,8240.0
100.3,2.0,8225.0
100.4,2.0,8216.0
100.5,2.0,8219.0
100.5,2.0,8222.0
100.5,2.0,8223.0
100.5,2.0,8224.0
100.7,2.0,8228.0
100.6,2.0,8216.0
100.6,2.0,8234.0
100.5,2.0,8218.0
100.4,2.0,8224.0
100.4,2.0,8231.0
100.5,2.0,8233.0
100.4,2.0,8232.0
100.3,2.0,8221.0
100.2,2.0,8229.0
100.2,2.0,8242.0
100.3,2.0,8232.0
100.3,2.0,8237.0
100.3,2.0,8229.0
100.4,2.0,8213.0
100.1,2.0,8235.0
100.2,2.0,8237.0
100.3,2.0,8239.0
100.2,2.0,8233.0
100.1,2.0,8226.0
100.1,2.0,8230.0
100.2,2.0,8231.0
100.2,2.0,8231.0
100.0,2.0,8235.0
100.0,2.0,8233.0
100.0,2.0,8245.0
100.1,2.0,8237.0
100.2,2.0,8228.0
100.2,2.0,8219.0
100.1,2.0,8232.0
100.1,2.0,8245.0
100.1,2.0,8236.0
100.0,2.0,8240.0
99.9,2.0,8226.0
100.0,2.0,8233.0
99.9,2.0,8237.0
100.0,2.0,8231.0
99.8,2.0,8238.0
99.7,2.0,8224.0
99.7,2.0,8237.0
99.6,2.0,8232.0
99.6,2.0,8230.0
99.7,2.0,8236.0
99.7,2.0,8224.0
99.7,2.0,8231.0
99.7,2.0,8235.0
99.6,2.0,8221.0
99.5,2.0,8231.0
99.6,2.0,8222.0
99.5,2.0,8229.0
99.5,2.0,8225.0
99.5,2.0,8217.0
99.7,2.0,8231.0
99.7,2.0,8227.0
99.9,2.0,8233.0
99.9,2.0,8226.0
99.7,2.0,8232.0
99.7,2.0,8229.0
99.8,2.0,8231.0
99.8,2.0,8230.0
99.8,2.0,8225.0
99.7,2.0,8227.0
99.6,2.0,8233.0
99.7,2.0,8229.0
99.4,2.0,8228.0
99.4,2.0,8223.0
99.6,2.0,8236.0
99.6,2.0,8240.0
99.6,2.0,8232.0
99.6,2.0,8235.0
99.6,2.0,8228.0
99.6,2.0,8246.0
99.5,2.0,8245.0
99.7,2.0,8235.0
99.6,2.0,8224.0
99.6,2.0,8217.0
99.6,2.0,8235.0
99.6,2.0,8237.0
99.6,2.0,8240.0
99.7,2.0,8220.0
99.5,2.0,8221.0
99.6,2.0,8232.0
99.7,2.0,8239.0
99.7,2.0,8230.0
99.6,2.0,8232.0
99.7,2.0,8228.0
99.7,2.0,8233.0
99.8,2.0,8223.0
99.7,2.0,8225.0
99.9,2.0,8216.0
99.9,2.0,8222.0
99.8,2.0,8240.0
99.9,2.0,8231.0
99.8,2.0,8230.0
99.8,2.0,8224.0
99.9,2.0,8224.0
99.7,2.0,8239.0
99.6,2.0,8230.0
99.6,2.0,8233.0
99.6,2.0,8227.0
99.7,2.0,8220.0
99.8,2.0,8234.0
99.8,2.0,8227.0
99.9,2.0,8241.0
100.0,2.0,8241.0
99.8,2.0,8235.0
99.9,2.0,8239.0
99.9,2.0,8234.0
100.0,2.0,8245.0
100.1,2.0,8247.0
100.1,2.0,8251.0
100.1,2.0,8236.0
100.1,2.0,8237.0
100.0,2.0,8249.0
100.0,2.0,8245.0
99.9,2.0,8256.0
99.9,2.0,8243.0
100.0,2.0,8244.0
100.0,2.0,8248.0
100.1,2.0,8237.0
100.2,2.0,8251.0
100.1,2.0,8243.0
100.1,2.0,8239.0
100.2,2.0,8256.0
100.3,2.0,8245.0
100.4,2.0,8241.0
100.5,2.0,8233.0
100.5,2.0,8238.0
100.5,2.0,8251.0
100.4,2.0,8251.0
100.5,2.0,8242.0
100.5,2.0,8229.0
100.5,2.0,8245.0
100.6,2.0,8251.0
100.5,2.0,8248.0
100.6,2.0,8241.0
100.5,2.0,8234.0
100.5,2.0,8239.0
100.3,2.0,8239.0
100.1,2.0,8240.0
100.1,2.0,8238.0
100.0,2.0,8228.0
100.0,2.0,8246.0
100.0,2.0,8241.0
100.1,2.0,8237.0
100.1,2.0,8243.0
99.8,2.0,8243.0
99.8,2.0,8245.0
99.8,2.0,8243.0
99.9,2.0,8243.0
99.9,2.0,8236.0
100.0,2.0,8242.0
100.0,2.0,8249.0
100.1,2.0,8246.0
100.2,2.0,8247.0
100.0,2.0,8236.0
100.1,2.0,8237.0
100.1,2.0,8252.0
100.2,2.0,8247.0
100.2,2.0,8239.0
100.3,2.0,8248.0
100.3,2.0,8249.0
100.3,2.0,8250.0
100.3,2.0,8238.0
100.3,2.0,8248.0
100.3,2.0,8247.0
100.1,2.0,8248.0
100.1,2.0,8245.0
100.2,2.0,8237.0
100.2,2.0,8246.0
100.3,2.0,8245.0
100.3,2.0,8248.0
100.1,2.0,8237.0
100.2,2.0,8233.0
100.1,2.0,8248.0
100.0,2.0,8244.0
99.8,2.0,8252.0
100.0,2.0,8249.0
99.9,2.0,8232.0
99.9,2.0,8241.0
99.8,2.0,8237.0
100.0,2.0,8247.0
100.1,2.0,8242.0
100.0,2.0,8236.0
99.9,2.0,8243.0
99.9,2.0,8242.0
100.0,2.0,8241.0
100.0,2.0,8226.0
99.9,2.0,8238.0
100.0,2.0,8242.0
100.0,2.0,8241.0
100.0,2.0,8234.0
100.2,2.0,8229.0
100.1,2.0,8244.0
100.3,2.0,8241.0
100.2,2.0,8238.0
100.3,2.0,8244.0
100.3,2.0,8230.0
100.2,2.0,8238.0
100.3,2.0,8233.0
100.2,2.0,8228.0
100.1,2.0,8246.0
100.0,2.0,8231.0
100.0,2.0,8243.0
100.1,2.0,8233.0
100.3,2.0,8225.0
100.3,2.0,8244.0
100.4,2.0,8252.0
100.5,2.0,8249.0
100.6,2.0,8241.0
100.8,2.0,8239.0
100.7,2.0,8229.0
100.6,2.0,8237.0
100.5,2.0,8249.0
100.3,2.0,8244.0
100.4,2.0,8226.0
100.4,2.0,8232.0
100.4,2.0,8241.0
100.4,2.0,8246.0
100.5,2.0,8238.0
100.6,2.0,8240.0
100.7,2.0,8242.0
100.8,2.0,8242.0
100.7,2.0,8244.0
100.5,2.0,8226.0
100.4,2.0,8242.0
100.5,2.0,8248.0
100.6,2.0,8245.0
100.6,2.0,8243.0
100.6,2.0,8232.0
100.7,2.0,8233.0
100.7,2.0,8243.0
100.6,2.0,8247.0
100.5,2.0,8251.0
100.7,2.0,8233.0
100.7,2.0,8232.0
100.6,2.0,8233.0
100.4,2.0,8234.0
100.4,2.0,8237.0
100.2,2.0,8230.0
100.3,2.0,8231.0
100.3,2.0,8229.0
100.2,2.0,8232.0
100.2,2.0,8231.0
100.1,2.0,8232.0
100.0,2.0,8237.0
99.9,2.0,8229.0
100.1,2.0,8238.0
100.0,2.0,8224.0
100.0,2.0,8233.0
100.1,2.0,8242.0
100.2,2.0,8235.0
100.2,2.0,8239.0
100.2,2.0,8234.0
100.2,2.0,8237.0
100.1,2.0,8245.0
100.1,2.0,8233.0
100.2,2.0,8246.0
100.1,2.0,8241.0
99.9,2.0,8243.0
99.7,2.0,8241.0
99.8,2.0,8230.0
99.8,2.0,8242.0
99.7,2.0,8236.0
99.6,2.0,8248.0
99.7,2.0,8237.0
99.7,2.0,8232.0
99.8,2.0,8240.0
99.8,2.0,8246.0
99.7,2.0,8253.0
99.8,2.0,8228.0
100.0,2.0,8226.0
99.9,2.0,8233.0
100.0,2.0,8236.0
100.1,2.0,8245.0
100.1,2.0,8237.0
100.0,2.0,8227.0
99.9,2.0,8227.0
99.8,2.0,8229.0
99.8,2.0,8247.0
99.9,2.0,8234.0
100.0,2.0,8234.0
99.9,2.0,8234.0
100.0,2.0,8230.0
100.0,2.0,8236.0
100.0,2.0,8223.0
100.0,2.0,8226.0
100.2,2.0,8231.0
100.1,2.0,8224.0
100.1,2.0,8225.0
100.1,2.0,8226.0
100.1,2.0,8216.0
100.1,2.0,8236.0
100.1,2.0,8228.0
100.1,2.0,8236.0
100.2,2.0,8229.0
100.2,2.0,8224.0
100.2,2.0,8228.0
100.3,2.0,8229.0
100.4,2.0,8233.0
100.3,2.0,8227.0
100.4,2.0,8230.0
100.4,2.0,8224.0
100.5,2.0,8228.0
100.5,2.0,8238.0
100.4,2.0,8237.0
100.4,2.0,8249.0
100.3,2.0,8226.0
100.3,2.0,8222.0
100.2,2.0,8228.0
100.3,2.0,8224.0
100.2,2.0,8246.0
100.1,2.0,8231.0
99.9,2.0,8220.0
99.9,2.0,8227.0
100.0,2.0,8214.0
100.0,2.0,8229.0
100.2,2.0,8224.0
100.2,2.0,8229.0
100.3,2.0,8231.0
100.3,2.0,8229.0
100.3,2.0,8226.0
100.3,2.0,8227.0
100.3,2.0,8228.0
100.3,2.0,8224.0
100.2,2.0,8241.0
100.2,2.0,8226.0
100.3,2.0,8207.0
100.2,2.0,8223.0
100.3,2.0,8218.0
100.2,2.0,8225.0
100.2,2.0,8226.0
100.2,2.0,8224.0
100.1,2.0,8229.0
100.2,2.0,8221.0
100.3,2.0,8226.0
100.3,2.0,8224.0
100.3,2.0,8214.0
100.4,2.0,8224.0
100.6,2.0,8213.0
100.6,2.0,8221.0
100.5,2.0,8215.0
100.7,2.0,8215.0
100.8,2.0,8224.0
100.9,2.0,8221.0
100.8,2.0,8220.0
100.6,2.0,8214.0
100.6,2.0,8225.0
100.6,2.0,8218.0
100.4,2.0,8228.0
100.2,2.0,8222.0
100.1,2.0,8215.0
100.0,2.0,8216.0
99.8,2.0,8228.0
99.8,2.0,8229.0
99.9,2.0,8226.0
100.0,2.0,8217.0
100.0,2.0,8227.0
100.2,2.0,8227.0
100.3,2.0,8221.0
100.2,2.0,8227.0
100.2,2.0,8218.0
100.2,2.0,8232.0
100.2,2.0,8226.0
100.1,2.0,8212.0
100.0,2.0,8224.0
99.8,2.0,8222.0
99.8,2.0,8224.0
100.0,2.0,8220.0
99.9,2.0,8214.0
99.9,2.0,8223.0
99.9,2.0,8215.0
99.8,2.0,8228.0
99.9,2.0,8228.0
100.1,2.0,8212.0
100.1,2.0,8216.0
100.1,2.0,8202.0
100.3,2.0,8212.0
100.4,2.0,8214.0
100.3,2.0,8216.0
100.3,2.0,8210.0
100.3,2.0,8211.0
100.4,2.0,8217.0
100.4,2.0,8205.0
100.4,2.0,8222.0
100.2,2.0,8211.0
100.3,2.0,8208.0
100.4,2.0,8212.0
100.3,2.0,8202.0
100.3,2.0,8208.0
100.1,2.0,8210.0
100.2,2.0,8205.0
100.1,2.0,8210.0
100.0,2.0,8194.0
100.0,2.0,8212.0
100.0,2.0,8212.0
99.9,2.0,8207.0
99.9,2.0,8215.0
99.9,2.0,8208.0
99.8,2.0,8217.0
99.9,2.0,8218.0
99.6,2.0,8211.0
99.5,2.0,8206.0
99.5,2.0,8228.0
99.3,2.0,8226.0
99.2,2.0,8215.0
99.2,2.0,8205.0
99.4,2.0,8205.0
99.5,2.0,8208.0
99.6,2.0,8222.0
99.7,2.0,8229.0
99.9,2.0,8222.0
100.0,2.0,8196.0
100.0,2.0,8204.0
99.9,2.0,8215.0
100.0,2.0,8211.0
100.2,2.0,8220.0
100.2,2.0,8201.0
100.2,2.0,8208.0
100.0,2.0,8219.0
99.9,2.0,8200.0
100.1,2.0,8204.0
100.2,2.0,8207.0
100.2,2.0,8209.0
100.1,2.0,8208.0
100.0,2.0,8202.0
99.9,2.0,8209.0
99.9,2.0,8202.0
99.8,2.0,8193.0
99.9,2.0,8202.0
100.0,2.0,8195.0
99.9,2.0,8196.0
100.0,2.0,8195.0
100.0,2.0,8199.0
99.9,2.0,8200.0
100.0,2.0,8202.0
100.3,2.0,8199.0
100.4,2.0,8194.0
100.3,2.0,8200.0
100.4,2.0,8194.0
100.4,2.0,8206.0
100.4,2.0,8208.0
100.4,2.0,8197.0
100.4,2.0,8202.0
100.4,2.0,8194.0
100.4,2.0,8193.0
100.6,2.0,8211.0
100.6,2.0,8206.0
100.5,2.0,8214.0
100.4,2.0,8196.0
100.4,2.0,8202.0
100.3,2.0,8218.0
100.3,2.0,8203.0
100.6,2.0,8203.0
100.7,2.0,8193.0
100.5,2.0,8204.0
100.2,2.0,8210.0
100.4,2.0,8201.0
100.5,2.0,8194.0
100.4,2.5,8198.0
100.5,2.5,8209.0
100.4,2.5,8199.0
100.6,2.5,8202.0
100.7,2.5,8189.0
100.9,2.5,8201.0
100.8,2.5,8205.0
100.8,2.5,8206.0
100.7,2.5,8198.0
100.6,2.5,8188.0
100.5,2.5,8190.0
100.4,2.5,8204.0
100.3,2.5,8200.0
100.3,2.5,8204.0
100.5,2.5,8189.0
100.5,2.5,8184.0
100.4,2.5,8205.0
100.4,2.5,8204.0
100.3,2.5,8200.0
100.4,2.5,8198.0
100.4,2.5,8196.0
100.5,2.5,8200.0
100.5,2.5,8207.0
100.3,2.5,8199.0
100.2,2.5,8214.0
100.1,2.5,8201.0
100.0,2.5,8203.0
99.9,2.5,8202.0
99.9,2.5,8199.0
100.0,2.5,8209.0
100.0,2.5,8213.0
100.2,2.5,8197.0
100.2,2.5,8202.0
100.1,2.5,8204.0
100.2,2.5,8193.0
100.3,2.5,8214.0
100.3,2.5,8203.0
100.4,2.5,8201.0
100.2,2.5,8213.0
100.3,2.5,8190.0
100.4,2.5,8200.0
100.3,2.5,8202.0
100.3,2.5,8202.0
100.4,2.5,8216.0
100.4,2.5,8203.0
100.4,2.5,8210.0
100.3,2.5,8195.0
100.4,2.5,8180.0
100.3,2.5,8209.0
100.2,2.5,8208.0
100.1,2.5,8200.0
100.3,2.5,8194.0
100.3,2.5,8185.0
100.3,2.5,8196.0
100.4,2.5,8202.0
100.4,2.5,8195.0
100.5,2.5,8188.0
100.4,2.5,8201.0
100.4,2.5,8198.0
100.4,2.5,8193.0
100.4,2.5,8196.0
100.4,2.5,8184.0
100.4,2.5,8187.0
100.5,2.5,8189.0
100.5,2.5,8190.0
100.5,2.5,8194.0
100.3,2.5,8182.0
100.4,2.5,8205.0
100.4,2.5,8189.0
100.4,2.5,8184.0
100.4,2.5,8195.0
100.5,2.5,8182.0
100.5,2.5,8196.0
100.7,2.5,8196.0
100.7,2.5,8186.0
100.7,2.5,8183.0
100.8,2.5,8182.0
100.9,2.5,8183.0
100.9,2.5,8184.0
101.0,2.5,8190.0
100.9,2.5,8186.0
100.8,2.5,8194.0
100.5,2.5,8192.0
100.3,2.5,8183.0
100.3,2.5,8177.0
100.4,2.5,8190.0
100.5,2.5,8198.0
100.6,2.5,8188.0
100.6,2.5,8180.0
100.7,2.5,8189.0
100.6,2.5,8182.0
100.6,2.5,8190.0
100.6,2.5,8185.0
100.6,2.5,8174.0
100.6,2.5,8182.0
100.5,2.5,8178.0
100.3,2.5,8194.0
100.1,2.5,8188.0
100.2,2.5,8178.0
100.2,2.5,8183.0
100.2,2.5,8181.0
100.1,2.5,8178.0
100.1,2.5,8183.0
100.2,2.5,8178.0
100.1,2.5,8188.0
100.0,2.5,8188.0
99.9,2.5,8180.0
100.0,2.5,8178.0
100.2,2.5,8168.0
100.2,2.5,8184.0
100.2,2.5,8191.0
100.0,2.5,8182.0
100.0,2.5,8167.0
100.1,2.5,8174.0
99.9,2.5,8168.0
100.0,2.5,8176.0
100.0,2.5,8186.0
100.1,2.5,8164.0
100.1,2.5,8178.0
100.1,2.5,8179.0
100.1,2.5,8172.0
100.0,2.5,8183.0
100.0,2.5,8175.0
99.9,2.5,8187.0
100.0,2.5,8183.0
100.0,2.5,8168.0
100.0,2.5,8183.0
99.9,2.5,8171.0
100.0,2.5,8187.0
99.8,2.5,8185.0
99.8,2.5,8164.0
99.8,2.5,8176.0
99.8,2.5,8178.0
99.9,2.5,8185.0
99.9,2.5,8191.0
99.8,2.5,8189.0
99.8,2.5,8177.0
99.6,2.5,8186.0
99.5,2.5,8188.0
99.6,2.5,8185.0
99.7,2.5,8171.0
99.7,2.5,8183.0
99.7,2.5,8193.0
99.8,2.5,8197.0
99.8,2.5,8175.0
99.8,2.5,8181.0
99.8,2.5,8182.0
99.8,2.5,8190.0
99.7,2.5,8204.0
99.7,2.5,8182.0
99.6,2.5,8185.0
99.5,2.5,8188.0
99.6,2.5,8188.0
99.6,2.5,8195.0
99.6,2.5,8184.0
99.8,2.5,8178.0
99.9,2.5,8186.0
99.9,2.5,8190.0
99.7,2.5,8199.0
99.7,2.5,8180.0
99.8,2.5,8178.0
100.2,2.5,8188.0
100.3,2.5,8183.0
100.3,2.5,8188.0
100.1,2.5,8192.0
100.2,2.5,8194.0
100.3,2.5,8192.0
100.2,2.5,8199.0
100.0,2.5,8183.0
100.1,2.5,8188.0
100.0,2.5,8202.0
100.1,2.5,8196.0
100.1,2.5,8211.0
100.1,2.5,8200.0
100.0,2.5,8202.0
100.1,2.5,8207.0
100.0,2.5,8202.0
100.1,2.5,8207.0
100.1,2.5,8205.0
100.0,2.5,8201.0
100.1,2.5,8216.0
99.9,2.5,8203.0
99.9,2.5,8212.0
100.0,2.5,8216.0
100.0,2.5,8214.0
99.8,2.5,8222.0
100.0,2.5,8206.0
100.0,2.5,8210.0
99.9,2.5,8212.0
99.9,2.5,8226.0
99.9,2.5,8216.0
100.1,2.5,8206.0
100.3,2.5,8201.0
100.3,2.5,8211.0
100.4,2.5,8236.0
100.2,2.5,8219.0
100.2,2.5,8214.0
100.3,2.5,8212.0
100.1,2.5,8211.0
100.3,2.5,8223.0
100.3,2.5,8216.0
100.5,2.5,8218.0
100.4,2.5,8222.0
100.3,2.5,8208.0
100.2,2.5,8230.0
100.2,2.5,8206.0
100.2,2.5,8205.0
100.4,2.5,8223.0
100.3,2.5,8220.0
100.5,2.5,8227.0
100.4,2.5,8217.0
100.4,2.5,8217.0
100.4,2.5,8219.0
100.4,2.5,8231.0
100.3,2.5,8225.0
100.3,2.5,8220.0
100.5,2.5,8211.0
100.4,2.5,8227.0
100.4,2.5,8221.0
100.5,2.5,8225.0
100.7,2.5,8220.0
100.7,2.5,8221.0
100.8,2.5,8221.0
100.5,2.5,8225.0
100.4,2.5,8218.0
100.5,2.5,8218.0
100.4,2.5,8244.0
100.4,2.5,8223.0
100.3,2.5,8226.0
100.1,2.5,8220.0
99.9,2.5,8210.0
99.9,2.5,8230.0
99.9,2.5,8236.0
99.9,2.5,8228.0
100.0,2.5,8229.0
100.0,2.5,8213.0
100.2,2.5,8231.0
100.5,2.5,8223.0
100.4,2.5,8224.0
100.5,2.5,8233.0
100.4,2.5,8219.0
100.4,2.5,8230.0
100.3,2.5,8231.0
100.3,2.5,8222.0
100.4,2.5,8221.0
100.4,2.5,8234.0
100.5,2.5,8225.0
100.7,2.5,8229.0
100.7,2.5,8223.0
100.8,2.5,8212.0
101.0,2.5,8238.0
101.0,2.5,8228.0
101.1,2.5,8206.0
101.1,2.5,8221.0
100.8,2.5,8215.0
100.6,2.5,8223.0
100.7,1.5,8225.0
100.8,0.5,8212.0
100.7,0.5,8223.0
100.6,0.5,8215.0
100.4,0.5,8220.0
100.3,0.5,8223.0
100.4,0.5,8213.0
100.3,0.5,8232.0
100.2,0.5,8224.0
100.0,0.5,8220.0
100.2,0.5,8218.0
100.2,0.5,8204.0
100.1,0.5,8209.0
100.2,0.5,8211.0
100.0,0.5,8205.0
100.2,0.5,8193.0
100.1,0.5,8199.0
100.0,0.5,8189.0
100.0,0.5,8196.0
100.1,0.5,8201.0
99.9,0.5,8190.0
99.9,0.5,8182.0
99.8,0.5,8187.0
99.8,0.5,8191.0
99.8,0.5,8188.0
99.9,0.5,8182.0
99.8,0.5,8196.0
99.7,0.5,8188.0
99.8,0.5,8185.0
99.9,0.5,8192.0
99.9,0.5,8181.0
99.8,0.5,8204.0
99.8,0.5,8193.0
99.9,0.5,8185.0
100.0,0.5,8195.0
99.9,0.5,8190.0
99.9,0.5,8196.0
99.8,0.5,8200.0
99.7,0.5,8188.0
99.6,0.5,8200.0
99.4,0.5,8180.0
99.4,0.5,8195.0
99.5,0.5,8204.0
99.5,0.5,8200.0
99.5,0.5,8207.0
99.6,0.5,8205.0
99.6,0.5,8196.0
99.6,0.5,8196.0
99.7,0.5,8202.0
99.8,0.5,8196.0
99.9,0.5,8212.0
99.9,0.5,8214.0
99.9,0.5,8206.0
99.9,0.5,8215.0
99.9,0.5,8209.0
99.9,0.5,8218.0
99.7,0.5,8222.0
99.9,0.5,8219.0
99.9,0.5,8230.0
99.9,0.5,8216.0
99.8,0.5,8217.0
99.8,0.5,8229.0
99.7,0.5,8216.0
99.7,0.5,8230.0
99.8,0.5,8231.0
99.8,0.5,8220.0
99.8,0.5,8223.0
99.7,0.5,8223.0
99.7,0.5,8234.0
99.7,0.5,8243.0
99.6,0.5,8243.0
99.6,0.5,8221.0
99.6,0.5,8234.0
99.6,0.5,8237.0
99.5,0.5,8245.0
99.5,0.5,8244.0
99.5,0.5,8243.0
99.6,0.5,8235.0
99.5,0.5,8237.0
99.6,0.5,8246.0
99.5,0.5,8259.0
99.6,0.5,8237.0
99.5,0.5,8248.0
99.5,0.5,8261.0
99.5,0.5,8244.0
99.5,0.5,8259.0
99.4,0.5,8244.0
99.4,0.5,8255.0
99.4,0.5,8266.0
99.4,0.5,8259.0
99.5,0.5,8257.0
99.6,0.5,8260.0
99.6,0.5,8267.0
99.7,0.5,8266.0
99.7,0.5,8262.0
99.7,0.5,8270.0
99.7,0.5,8263.0
99.7,0.5,8267.0
99.6,0.5,8277.0
99.5,0.5,8273.0
99.5,0.5,8273.0
99.5,0.5,8272.0
99.4,0.5,8280.0
99.5,0.5,8275.0
99.6,0.5,8287.0
99.7,0.5,8290.0
99.6,0.5,8286.0
99.6,0.5,8299.0
99.7,0.7000000000000001,8283.0
99.7,0.7000000000000001,8287.0
99.6,0.7000000000000001,8295.0
99.6,0.7000000000000001,8292.0
99.6,0.7000000000000001,8298.0
99.7,0.7000000000000001,8293.0
99.7,0.7000000000000001,8290.0
99.7,0.7000000000000001,8296.0
99.8,0.7000000000000001,8293.0
99.7,0.7000000000000001,8301.0
99.6,0.7000000000000001,8291.0
99.6,0.7000000000000001,8297.0
99.6,0.7000000000000001,8288.0
99.6,0.7000000000000001,8303.0
99.5,0.7000000000000001,8303.0
99.5,0.7000000000000001,8300.0
99.5,0.7000000000000001,8305.0
99.5,0.7000000000000001,8313.0
99.5,0.7000000000000001,8314.0
99.6,0.7000000000000001,8300.0
99.7,0.7000000000000001,8306.0
99.6,0.7000000000000001,8315.0
99.6,0.7000000000000001,8309.0
99.6,0.7000000000000001,8315.0
99.9,0.7000000000000001,8295.0
99.8,0.7000000000000001,8300.0
99.8,0.7000000000000001,8309.0
99.9,0.7000000000000001,8312.0
99.7,0.7000000000000001,8316.0
99.8,0.7000000000000001,8295.0
99.7,0.7000000000000001,8284.0
99.7,0.7000000000000001,8302.0
99.5,0.7000000000000001,8297.0
99.5,0.7000000000000001,8304.0
99.5,0.7000000000000001,8293.0
99.5,0.7000000000000001,8281.0
99.4,0.7000000000000001,8295.0
99.5,0.7000000000000001,8289.0
99.4,0.7000000000000001,8285.0
99.5,0.7000000000000001,8275.0
99.5,0.7000000000000001,8284.0
99.5,0.7000000000000001,8277.0
99.7,0.7000000000000001,8276.0
99.8,0.7000000000000001,8269.0
99.6,0.7000000000000001,8276.0
99.5,0.7000000000000001,8267.0
99.5,0.7000000000000001,8277.0
99.6,0.7000000000000001,8272.0
99.7,0.7000000000000001,8261.0
99.8,0.7000000000000001,8260.0
99.8,0.7000000000000001,8260.0
99.8,0.7000000000000001,8252.0
99.7,0.7000000000000001,8255.0
99.8,0.7000000000000001,8254.0
99.9,0.7000000000000001,8231.0
99.9,0.7000000000000001,8249.0
100.0,0.7000000000000001,8233.0
100.1,0.7000000000000001,8236.0
100.0,0.7000000000000001,8248.0
99.9,0.7000000000000001,8233.0
99.9,0.7000000000000001,8239.0
100.0,0.7000000000000001,8223.0
100.0,0.7000000000000001,8217.0
99.8,0.7000000000000001,8231.0
99.8,0.7000000000000001,8216.0
99.7,0.7000000000000001,8238.0
99.7,0.7000000000000001,8221.0
99.6,0.7000000000000001,8208.0
99.8,0.7000000000000001,8213.0
99.8,0.7000000000000001,8206.0
99.8,0.7000000000000001,8208.0
99.8,0.7000000000000001,8201.0
99.9,0.7000000000000001,8202.0
99.8,0.7000000000000001,8202.0
99.9,0.7000000000000001,8198.0
100.0,0.7000000000000001,8196.0
99.9,0.7000000000000001,8188.0
99.8,0.7000000000000001,8196.0
99.5,0.7000000000000001,8185.0
99.7,0.7000000000000001,8186.0
99.8,0.7000000000000001,8169.0
99.9,0.7000000000000001,8158.0
99.9,0.7000000000000001,8166.0
99.9,0.7000000000000001,8157.0
99.8,0.7000000000000001,8161.0
99.9,0.7000000000000001,8156.0
99.9,0.7000000000000001,8148.0
99.8,0.7000000000000001,8161.0
99.8,0.7000000000000001,8152.0
99.8,0.7000000000000001,8152.0
99.9,0.7000000000000001,8145.0
99.9,0.7000000000000001,8136.0
99.8,0.7000000000000001,8143.0
99.7,0.7000000000000001,8140.0
99.8,0.7000000000000001,8145.0
99.7,0.7000000000000001,8145.0
99.7,0.7000000000000001,8146.0
99.9,0.7000000000000001,8149.0
99.9,0.7000000000000001,8147.0
99.9,0.7000000000000001,8135.0
99.8,0.7000000000000001,8135.0
99.9,0.7000000000000001,8150.0
100.0,0.7000000000000001,8155.0
99.9,0.7000000000000001,8141.0
99.9,0.7000000000000001,8137.0
99.9,0.7000000000000001,8138.0
99.8,0.7000000000000001,8138.0
99.9,0.7000000000000001,8140.0
99.9,0.7000000000000001,8140.0
99.9,0.7000000000000001,8139.0
99.9,0.7000000000000001,8125.0
100.0,0.7000000000000001,8135.0
99.9,0.7000000000000001,8132.0
99.9,0.7000000000000001,8126.0
99.9,0.7000000000000001,8132.0
99.9,0.7000000000000001,8124.0
100.0,0.7000000000000001,8136.0
100.0,0.7000000000000001,8130.0
99.9,0.7000000000000001,8118.0
99.7,0.7000000000000001,8138.0
99.7,0.7000000000000001,8128.0
99.7,0.7000000000000001,8133.0
99.8,0.7000000000000001,8130.0
99.7,0.7000000000000001,8117.0
99.7,0.7000000000000001,8134.0
99.7,0.7000000000000001,8136.0
99.6,0.7000000000000001,8145.0
99.6,0.7000000000000001,8138.0
99.6,0.7000000000000001,8120.0
99.5,0.7000000000000001,8133.0
99.5,0.7000000000000001,8136.0
99.6,0.7000000000000001,8139.0
99.5,0.7000000000000001,8138.0
99.6,0.7000000000000001,8144.0
99.6,0.7000000000000001,8138.0
99.7,0.7000000000000001,8138.0
99.8,0.7000000000000001,8146.0
99.8,0.7000000000000001,8131.0
99.7,0.7000000000000001,8156.0
99.8,0.7000000000000001,8149.0
99.8,0.7000000000000001,8147.0
99.8,0.7000000000000001,8143.0
99.7,0.7000000000000001,8130.0
99.7,0.7000000000000001,8146.0
99.7,0.7000000000000001,8145.0
99.7,0.7000000000000001,8138.0
99.8,0.7000000000000001,8146.0
99.8,0.7000000000000001,8124.0
99.8,0.7000000000000001,8149.0
99.6,0.7000000000000001,8142.0
99.6,0.7000000000000001,8136.0
99.7,0.7000000000000001,8141.0
99.7,0.7000000000000001,8139.0
99.6,0.7000000000000001,8135.0
99.6,0.7000000000000001,8133.0
99.6,0.7000000000000001,8138.0
99.6,0.7000000000000001,8129.0
99.8,0.7000000000000001,8145.0
99.9,0.7000000000000001,8147.0
99.9,0.7000000000000001,8137.0
99.8,0.7000000000000001,8121.0
99.8,0.7000000000000001,8129.0
99.8,0.7000000000000001,8142.0
99.9,1.0,8145.0
99.9,1.0,8133.0
99.8,1.0,8138.0
100.1,1.0,8129.0
100.2,1.0,8131.0
100.2,1.0,8142.0
100.2,1.0,8136.0
100.3,1.0,8144.0
100.2,1.0,8132.0
100.1,1.0,8138.0
100.0,1.0,8144.0
100.2,1.0,8129.0
100.1,1.0,8136.0
100.0,1.0,8144.0
100.1,1.0,8152.0
100.0,1.0,8151.0
100.1,1.0,8137.0
100.2,1.0,8148.0
100.1,1.0,8151.0
99.9,1.0,8151.0
100.0,1.0,8150.0
100.0,1.0,8139.0
100.0,1.0,8142.0
99.9,1.0,8145.0
99.9,1.0,8156.0
99.9,1.0,8143.0
99.8,1.0,8142.0
99.8,1.0,8145.0
99.8,1.0,8137.0
100.0,1.0,8148.0
100.0,1.0,8137.0
99.9,1.0,8150.0
99.8,1.0,8151.0
99.8,1.0,8135.0
99.9,1.0,8149.0
99.9,1.0,8138.0
99.9,1.0,8148.0
99.8,1.0,8152.0
99.9,1.0,8142.0
99.7,1.0,8147.0
99.9,1.0,8132.0
99.8,1.0,8139.0
99.8,1.0,8147.0
99.7,1.0,8128.0
99.7,1.0,8134.0
99.6,1.0,8132.0
99.7,1.0,8143.0
99.7,1.0,8141.0
99.8,1.0,8138.0
99.6,1.0,8134.0
99.6,1.0,8133.0
99.7,1.0,8136.0
99.9,1.0,8127.0
99.8,1.0,8134.0
99.7,1.0,8132.0
99.6,1.0,8135.0
99.7,1.0,8143.0
99.7,1.0,8130.0
99.7,1.0,8128.0
99.9,1.0,8130.0
99.9,1.0,8140.0
99.8,1.0,8158.0
99.8,1.0,8129.0
99.9,1.0,8131.0
100.0,1.0,8124.0
99.9,1.0,8121.0
99.8,1.0,8141.0
100.0,1.0,8124.0
100.0,1.0,8118.0
100.1,1.0,8121.0
100.1,1.0,8131.0
100.1,1.0,8120.0
99.9,1.0,8115.0
100.0,1.0,8117.0
100.2,1.0,8123.0
100.2,1.0,8108.0
100.2,1.0,8118.0
100.0,1.0,8111.0
100.0,1.0,8111.0
99.9,1.0,8117.0
99.9,1.0,8118.0
100.2,1.0,8105.0
100.2,1.0,8099.0
100.0,1.0,8103.0
100.0,1.0,8101.0
99.9,1.0,8124.0
99.9,1.0,8105.0
99.9,1.0,8099.0
99.9,1.0,8105.0
100.1,1.0,8092.0
100.0,1.0,8107.0
99.9,1.0,8105.0
100.0,1.0,8103.0
100.0,1.0,8113.0
99.9,1.0,8099.0
99.8,1.0,8102.0
99.8,1.0,8096.0
99.8,1.0,8100.0
99.9,1.0,8120.0
99.9,1.0,8107.0
99.8,1.0,8098.0
99.8,1.0,8095.0
99.8,1.0,8105.0
99.8,1.0,8103.0
99.7,1.0,8101.0
99.7,1.0,8101.0
99.5,1.0,8097.0
99.7,1.0,8113.0
99.7,1.0,8109.0
99.7,1.0,8102.0
99.7,1.0,8106.0
99.7,1.0,8107.0
99.7,1.0,8111.0
99.7,1.0,8108.0
99.8,1.0,8098.0
99.8,1.0,8105.0
99.9,1.0,8096.0
99.9,1.0,8119.0
99.8,1.0,8109.0
99.8,1.0,8096.0
99.9,1.0,8102.0
99.9,1.0,8099.0
99.8,1.0,8122.0
99.7,1.0,8109.0
99.8,1.0,8104.0
99.8,1.0,8096.0
99.7,1.0,8095.0
99.7,1.0,8106.0
99.6,1.0,8100.0
99.7,1.0,8098.0
99.7,1.0,8092.0
99.6,1.0,8092.0
99.7,1.0,8102.0
99.7,1.0,8088.0
99.7,1.0,8093.0
99.7,1.0,8098.0
99.7,1.0,8094.0
99.6,1.0,8101.0
99.7,1.0,8091.0
99.6,1.0,8095.0
99.7,1.0,8067.0
99.7,1.0,8091.0
99.6,1.0,8088.0
99.6,1.0,8079.0
99.5,1.0,8094.0
99.5,1.0,8095.0
99.5,1.0,8101.0
99.5,1.0,8097.0
99.6,1.0,8089.0
99.6,1.0,8097.0
99.4,1.0,8091.0
99.4,1.0,8099.0
99.5,1.0,8102.0
99.5,1.0,8094.0
99.5,1.0,8104.0
99.6,1.0,8101.0
99.6,1.0,8102.0
99.6,1.0,8096.0
99.5,1.0,8103.0
99.5,1.0,8109.0
99.5,1.0,8109.0
99.5,1.0,8102.0
99.4,1.0,8089.0
99.6,1.0,8110.0
99.5,1.0,8103.0
99.6,1.0,8102.0
99.4,1.0,8103.0
99.5,1.0,8093.0
99.5,1.0,8115.0
99.5,1.0,8104.0
99.5,1.0,8097.0
99.4,1.0,8109.0
99.5,1.0,8102.0
99.6,1.0,8110.0
99.5,1.0,8103.0
99.5,1.0,8091.0
99.6,1.0,8110.0
99.6,1.0,8105.0
99.4,1.0,8109.0
99.6,1.0,8103.0
99.7,1.0,8093.0
99.7,1.0,8096.0
99.5,1.0,8097.0
99.6,1.0,8111.0
99.6,1.0,8110.0
99.7,1.0,8104.0
99.6,1.0,8092.0
99.7,1.0,8096.0
99.6,1.0,8105.0
99.6,1.0,8104.0
99.6,1.0,8101.0
99.6,1.0,8104.0
99.8,1.0,8105.0
99.9,1.0,8107.0
99.8,1.0,8092.0
99.8,1.0,8111.0
99.7,1.0,8116.0
99.7,1.0,8113.0
99.6,1.0,8117.0
99.8,1.0,8099.0
99.8,1.0,8117.0
99.8,1.0,8116.0
99.6,1.0,8122.0
99.4,1.0,8111.0
99.5,1.0,8100.0
99.5,1.0,8113.0
99.4,1.0,8111.0
99.4,1.0,8108.0
99.4,1.0,8121.0
99.6,1.0,8100.0
99.4,1.0,8109.0
99.5,1.0,8109.0
99.6,1.0,8110.0
99.7,1.0,8110.0
99.7,1.0,8104.0
99.7,1.0,8117.0
99.6,1.0,8118.0
99.6,1.0,8112.0
99.6,1.0,8095.0
99.5,1.0,8097.0
99.5,1.0,8113.0
99.6,1.0,8113.0
99.6,1.0,8109.0
99.5,1.0,8094.0
99.5,1.0,8107.0
99.7,1.5,8106.0
99.5,1.5,8106.0
99.4,1.5,8107.0
99.5,1.5,8104.0
99.3,1.5,8105.0
99.4,1.5,8103.0
99.5,1.5,8096.0
99.7,1.5,8108.0
99.8,1.5,8099.0
99.9,1.5,8105.0
99.9,1.5,8104.0
99.8,1.5,8096.0
99.9,1.5,8102.0
99.9,1.5,8109.0
99.9,1.5,8115.0
99.7,1.5,8109.0
99.8,1.5,8107.0
99.9,1.5,8104.0
99.9,1.5,8109.0
99.8,1.5,8119.0
99.8,1.5,8117.0
100.0,1.5,8102.0
100.0,1.5,8109.0
100.1,1.5,8112.0
100.0,1.5,8121.0
100.1,1.5,8111.0
100.2,1.5,8112.0
100.2,1.5,8121.0
100.1,1.5,8123.0
100.3,1.5,8124.0
100.3,1.5,8102.0
100.4,1.5,8116.0
100.3,1.5,8126.0
100.3,1.5,8116.0
100.2,1.5,8118.0
100.3,1.5,8101.0
100.2,1.5,8106.0
100.2,1.5,8113.0
100.4,1.5,8112.0
100.3,1.5,8098.0
100.4,1.5,8095.0
100.2,1.5,8099.0
100.1,1.5,8105.0
100.0,1.5,8113.0
100.1,1.5,8112.0
100.2,1.5,8094.0
100.3,1.5,8096.0
100.3,1.5,8099.0
100.3,1.5,8103.0
100.2,1.5,8097.0
100.2,1.5,8089.0
100.2,1.5,8102.0
100.1,1.5,8093.0
100.2,1.5,8100.0
100.3,1.5,8087.0
100.4,1.5,8087.0
100.4,1.5,8106.0
100.3,1.5,8101.0
100.3,1.5,8089.0
100.1,1.5,8090.0
100.1,1.5,8083.0
100.0,1.5,8096.0
100.3,1.5,8089.0
100.2,1.5,8102.0
100.3,1.5,8093.0
100.2,1.5,8093.0
100.2,1.5,8093.0
100.2,1.5,8093.0
100.1,1.5,8099.0
100.1,1.5,8103.0
100.2,1.5,8104.0
100.1,1.5,8093.0
100.1,1.5,8091.0
100.2,1.5,8098.0
100.2,1.5,8099.0
100.2,1.5,8108.0
100.3,1.5,8091.0
100.3,1.5,8084.0
100.4,1.5,8084.0
100.3,1.5,8093.0
100.4,1.5,8101.0
100.4,1.5,8099.0
100.3,1.5,8086.0
100.3,1.5,8087.0
100.4,1.5,8088.0
100.4,1.5,8095.0
100.3,1.5,8082.0
100.2,1.5,8080.0
100.2,1.5,8095.0
100.2,1.5,8093.0
100.2,1.5,8091.0
100.4,1.5,8068.0
100.3,1.5,8079.0
100.2,1.5,8091.0
100.2,1.5,8089.0
100.3,1.5,8085.0
100.3,1.5,8074.0
100.3,1.5,8077.0
100.3,1.5,8075.0
100.3,1.5,8079.0
100.2,1.5,8083.0
100.3,1.5,8073.0
100.2,1.5,8072.0
100.2,1.5,8074.0
100.2,1.5,8081.0
100.3,1.5,8079.0
100.4,1.5,8068.0
100.3,1.5,8081.0
100.3,1.5,8075.0
100.4,1.5,8075.0
100.4,1.5,8077.0
100.4,1.5,8073.0
100.3,1.5,8089.0
100.1,1.5,8077.0
100.2,1.5,8077.0
100.3,1.5,8069.0
100.2,1.5,8061.0
100.1,1.5,8092.0
100.1,1.5,8074.0
99.9,1.5,8072.0
99.9,1.5,8078.0
99.8,1.5,8069.0
99.7,1.5,8079.0
99.7,1.5,8071.0
99.7,1.5,8074.0
99.6,1.5,8077.0
99.6,1.5,8074.0
99.8,1.5,8071.0
100.1,1.5,8067.0
100.0,1.5,8070.0
99.9,1.5,8066.0
100.0,1.5,8081.0
100.0,1.5,8068.0
99.9,1.5,8061.0
99.9,1.5,8070.0
99.9,1.5,8072.0
99.9,1.5,8068.0
99.8,1.5,8067.0
99.8,1.5,8059.0
99.8,1.5,8061.0
99.7,1.5,8060.0
99.7,1.5,8069.0
99.7,1.5,8069.0
99.6,1.5,8051.0
99.7,1.5,8060.0
99.8,1.5,8063.0
99.9,1.5,8066.0
99.6,1.5,8064.0
99.6,1.5,8065.0
99.6,1.5,8064.0
99.8,1.5,8073.0
99.7,1.5,8072.0
99.7,1.5,8059.0
99.7,1.5,8071.0
99.7,1.5,8072.0
99.7,1.5,8072.0
99.7,1.5,8077.0
99.6,1.5,8072.0
99.7,1.5,8069.0
99.7,1.5,8076.0
99.7,1.5,8081.0
99.6,1.5,8093.0
99.7,1.5,8071.0
99.8,1.5,8081.0
99.9,1.5,8081.0
99.8,1.5,8079.0
99.9,1.5,8085.0
99.8,1.5,8077.0
99.9,1.5,8085.0
99.8,1.5,8081.0
99.8,1.5,8077.0
99.8,1.5,8082.0
99.8,1.5,8081.0
99.9,1.5,8096.0
99.8,1.5,8089.0
100.0,1.5,8076.0
100.0,1.5,8074.0
100.2,1.5,8077.0
100.3,1.5,8092.0
100.2,1.5,8089.0
100.2,1.5,8087.0
100.2,1.5,8082.0
100.1,1.5,8078.0
100.1,1.5,8087.0
99.9,1.5,8081.0
100.0,1.5,8092.0
99.9,1.5,8086.0
99.9,1.5,8089.0
100.0,1.5,8089.0
100.2,1.5,8084.0
100.2,1.5,8088.0
100.3,1.5,8083.0
100.3,1.5,8097.0
100.2,1.5,8085.0
100.1,1.5,8085.0
100.2,1.5,8094.0
100.2,1.5,8088.0
100.2,1.5,8094.0
100.2,1.5,8106.0
100.2,1.5,8095.0
100.0,1.5,8096.0
100.0,1.5,8091.0
100.0,1.5,8106.0
99.9,1.5,8106.0
99.6,1.5,8099.0
99.6,1.5,8111.0
99.7,1.5,8104.0
99.8,1.5,8102.0
99.8,1.5,8101.0
99.8,1.5,8112.0
99.9,1.5,8115.0
99.9,1.5,8117.0
99.9,1.5,8115.0
100.0,1.5,8105.0
100.0,1.5,8108.0
99.9,1.5,8114.0
100.0,1.5,8113.0
99.9,1.5,8117.0
100.0,1.5,8107.0
100.0,1.5,8101.0
99.9,1.5,8106.0
100.1,1.5,8100.0
100.1,1.5,8107.0
100.1,1.5,8101.0
100.1,1.5,8112.0
100.2,1.5,8113.0
100.2,1.5,8103.0
100.2,1.5,8110.0
100.1,2.0,8104.0
100.0,2.0,8112.0
100.0,2.0,8108.0
100.0,2.0,8104.0
100.0,2.0,8101.0
100.0,2.0,8096.0
99.9,2.0,8105.0
99.8,2.0,8106.0
100.1,2.0,8095.0
100.2,2.0,8094.0
100.1,2.0,8092.0
100.0,2.0,8110.0
100.1,2.0,8101.0
100.1,2.0,8105.0
100.0,2.0,8101.0
99.9,2.0,8095.0
99.9,2.0,8105.0
99.8,2.0,8095.0
99.9,2.0,8107.0
99.8,2.0,8101.0
99.7,2.0,8103.0
99.7,2.0,8111.0
99.7,2.0,8101.0
99.8,2.0,8105.0
99.9,2.0,8106.0
99.7,2.0,8102.0
99.7,2.0,8112.0
99.8,2.0,8103.0
99.8,2.0,8105.0
99.8,2.0,8105.0
99.9,2.0,8107.0
100.1,2.0,8103.0
100.3,2.0,8094.0
100.5,2.0,8105.0
100.4,2.0,8094.0
100.2,2.0,8096.0
100.2,2.0,8098.0
100.3,2.0,8100.0
100.1,2.0,8105.0
100.0,2.0,8101.0
100.0,2.0,8098.0
100.2,2.0,8091.0
100.3,2.0,8097.0
100.3,2.0,8109.0
100.5,2.0,8097.0
100.5,2.0,8090.0
100.5,2.0,8086.0
100.4,2.0,8084.0
100.5,2.0,8099.0
100.5,2.0,8092.0
100.5,2.0,8090.0
100.7,2.0,8088.0
100.6,2.0,8085.0
100.7,2.0,8093.0
100.5,2.0,8087.0
100.5,2.0,8089.0
100.3,2.0,8074.0
100.4,2.0,8080.0
100.4,2.0,8082.0
100.5,2.0,8077.0
100.6,2.0,8083.0
100.5,2.0,8090.0
100.4,2.0,8083.0
100.2,2.0,8093.0
100.3,2.0,8072.0
100.2,2.0,8079.0
100.1,2.0,8081.0
100.4,2.0,8088.0
100.3,2.0,8091.0
100.2,2.0,8080.0
100.2,2.0,8073.0
100.2,2.0,8070.0
100.0,2.0,8088.0
100.0,2.0,8087.0
100.1,2.0,8090.0
100.1,2.0,8088.0
100.0,2.0,8077.0
100.0,2.0,8085.0
99.9,2.0,8077.0
99.9,2.0,8087.0
99.9,2.0,8084.0
100.0,2.0,8076.0
99.8,2.0,8087.0
99.8,2.0,8073.0
99.9,2.0,8067.0
99.9,2.0,8078.0
99.9,2.0,8075.0
99.9,2.0,8083.0
99.8,2.0,8071.0
99.9,2.0,8074.0
100.0,2.0,8069.0
100.0,2.0,8066.0
99.9,2.0,8069.0
99.8,2.0,8063.0
99.8,2.0,8071.0
99.8,2.0,8055.0
99.7,2.0,8061.0
99.7,2.0,8059.0
99.8,2.0,8059.0
99.8,2.0,8073.0
99.9,2.0,8063.0
99.9,2.0,8066.0
100.0,2.0,8061.0
99.9,2.0,8058.0
99.8,2.0,8072.0
100.0,2.0,8060.0
99.9,2.0,8058.0
99.9,2.0,8056.0
99.9,2.0,8048.0
100.0,2.0,8065.0
100.1,2.0,8064.0
100.1,2.0,8064.0
100.2,2.0,8059.0
100.1,2.0,8061.0
100.0,2.0,8064.0
100.0,2.0,8063.0
100.0,2.0,8064.0
100.0,2.0,8054.0
99.8,2.0,8068.0
99.7,2.0,8067.0
99.7,2.0,8058.0
99.8,2.0,8054.0
99.8,2.0,8056.0
99.6,2.0,8058.0
99.6,2.0,8067.0
99.7,2.0,8057.0
99.5,2.0,8062.0
99.6,2.0,8056.0
99.7,2.0,8059.0
99.8,2.0,8065.0
99.7,2.0,8053.0
99.7,2.0,8053.0
99.8,2.0,8049.0
99.8,2.0,8059.0
99.7,2.0,8067.0
99.8,2.0,8061.0
99.9,2.0,8056.0
100.1,2.0,8053.0
100.3,2.0,8052.0
100.3,2.0,8061.0
100.3,2.0,8056.0
100.3,2.0,8066.0
100.3,2.0,8063.0
100.5,2.0,8067.0
100.4,2.0,8059.0
100.4,2.0,8054.0
100.3,2.0,8062.0
100.3,2.0,8064.0
100.2,2.0,8069.0
100.5,2.0,8051.0
100.4,2.0,8062.0
100.5,2.0,8060.0
100.4,2.0,8058.0
100.5,2.0,8065.0
100.3,2.0,8055.0
100.4,2.0,8071.0
100.5,2.0,8062.0
100.6,2.0,8067.0
100.5,2.0,8080.0
100.3,2.0,8077.0
100.5,2.0,8078.0
100.4,2.0,8079.0
100.2,2.0,8076.0
100.0,2.0,8078.0
100.0,2.0,8073.0
100.0,2.0,8090.0
99.9,2.0,8097.0
99.9,2.0,8088.0
99.9,2.0,8082.0
99.9,2.0,8081.0
99.7,2.0,8090.0
99.8,2.0,8097.0
99.9,2.0,8103.0
99.9,2.0,8093.0
100.1,2.0,8091.0
100.2,2.0,8101.0
100.2,2.0,8089.0
100.1,2.0,8091.0
100.1,2.0,8099.0
100.0,2.0,8104.0
100.0,2.0,8103.0
100.1,2.0,8091.0
100.1,2.0,8103.0
100.2,2.0,8096.0
100.2,2.0,8104.0
100.4,2.0,8116.0
100.4,2.0,8106.0
100.3,2.0,8108.0
100.3,2.0,8112.0
100.2,2.0,8107.0
100.3,2.0,8119.0
100.4,2.0,8108.0
100.2,2.0,8109.0
100.2,2.0,8106.0
100.3,2.0,8115.0
100.4,2.0,8113.0
100.3,2.0,8111.0
100.5,2.0,8117.0
100.5,2.0,8119.0
100.4,2.0,8116.0
100.4,2.0,8121.0
100.4,2.0,8115.0
100.4,2.0,8117.0
100.2,2.0,8120.0
100.0,2.0,8136.0
100.0,2.0,8114.0
100.0,2.0,8109.0
100.0,2.0,8128.0
99.8,2.0,8121.0
99.8,2.0,8132.0
99.7,2.0,8121.0
99.8,2.0,8120.0
99.8,2.0,8126.0
99.7,2.0,8128.0
99.8,2.0,8124.0
99.7,2.0,8123.0
99.5,2.0,8110.0
99.7,2.0,8124.0
99.8,2.0,8118.0
99.8,2.0,8126.0
99.7,2.0,8126.0
99.7,2.0,8114.0
99.8,2.0,8118.0
100.0,2.0,8125.0
100.1,2.0,8117.0
100.1,2.0,8119.0
100.1,2.0,8131.0
100.1,2.0,8118.0
100.0,2.0,8126.0
100.1,2.0,8121.0
100.0,2.0,8109.0
99.9,2.0,8125.0
99.9,2.0,8121.0
100.0,2.0,8121.0
100.0,2.5,8119.0
100.2,2.5,8110.0
100.3,2.5,8121.0
100.3,2.5,8115.0
100.2,2.5,8116.0
100.2,2.5,8124.0
100.1,2.5,8120.0
100.3,2.5,8120.0
100.3,2.5,8113.0
100.3,2.5,8114.0
100.2,2.5,8118.0
100.2,2.5,8116.0
100.2,2.5,8115.0
100.2,2.5,8109.0
100.2,2.5,8116.0
100.3,2.5,8112.0
100.2,2.5,8125.0
100.1,2.5,8124.0
100.1,2.5,8110.0
100.2,2.5,8119.0
100.4,2.5,8114.0
100.5,2.5,8125.0
100.4,2.5,8131.0
100.3,2.5,8120.0
100.4,2.5,8127.0
100.5,2.5,8112.0
100.5,2.5,8113.0
100.4,2.5,8114.0
100.5,2.5,8104.0
100.5,2.5,8125.0
100.5,2.5,8126.0
100.4,2.5,8126.0
100.4,2.5,8114.0
100.5,2.5,8101.0
100.5,2.5,8110.0
100.4,2.5,8116.0
100.4,2.5,8121.0
100.2,2.5,8106.0
100.1,2.5,8101.0
100.3,2.5,8100.0
100.2,2.5,8097.0
100.3,2.5,8104.0
100.4,2.5,8101.0
100.5,2.5,8091.0
100.5,2.5,8094.0
100.4,2.5,8095.0
100.5,2.5,8104.0
100.7,2.5,8092.0
100.9,2.5,8096.0
100.8,2.5,8091.0
100.8,2.5,8089.0
100.7,2.5,8086.0
100.7,2.5,8074.0
100.8,2.5,8093.0
100.7,2.5,8091.0
100.7,2.5,8085.0
100.6,2.5,8081.0
100.4,2.5,8069.0
100.3,2.5,8084.0
100.3,2.5,8080.0
100.3,3.0,8077.0
100.2,3.0,8085.0
100.1,3.0,8073.0
100.0,3.0,8076.0
100.1,3.0,8070.0
100.1,3.0,8067.0
100.2,3.0,8081.0
100.3,3.0,8084.0
100.4,3.0,8080.0
100.3,3.0,8079.0
100.3,3.0,8080.0
100.1,3.0,8074.0
100.1,3.0,8087.0
100.0,3.0,8087.0
100.1,3.0,8075.0
100.1,3.0,8089.0
99.9,3.0,8077.0
99.9,3.0,8093.0
99.9,3.0,8093.0
100.1,3.0,8087.0
100.2,3.0,8090.0
100.1,3.0,8085.0
100.1,3.0,8092.0
100.1,3.0,8104.0
100.0,3.0,8083.0
100.0,3.0,8096.0
99.9,3.0,8091.0
100.1,3.0,8084.0
100.1,3.0,8091.0
100.1,3.0,8078.0
100.3,3.0,8082.0
100.3,3.0,8092.0
100.2,3.0,8099.0
100.3,3.0,8081.0
100.4,3.0,8083.0
100.3,3.0,8077.0
100.3,3.0,8088.0
100.1,3.0,8081.0
99.9,3.0,8084.0
99.9,3.0,8077.0
99.9,3.0,8072.0
99.9,3.0,8069.0
100.0,3.0,8082.0
99.9,3.0,8064.0
100.0,3.0,8065.0
100.0,3.0,8075.0
100.2,3.0,8065.0
100.3,3.0,8086.0
100.3,3.0,8071.0
100.3,3.0,8067.0
100.3,3.0,8075.0
100.2,3.0,8061.0
100.1,3.0,8063.0
99.9,3.0,8062.0
100.0,3.0,8069.0
99.8,3.0,8069.0
99.7,3.0,8056.0
99.9,3.0,8060.0
100.2,3.0,8053.0
100.2,3.0,8053.0
100.1,3.0,8067.0
100.2,3.0,8080.0
100.3,3.0,8079.5
100.2,3.0,8080.0
100.1,3.0,8077.0
100.1,3.0,8077.0
100.0,3.0,8089.5
99.9,3.0,8076.5
100.0,3.0,8089.5
100.0,3.0,8089.5
100.2,3.0,8069.0
100.2,3.0,8069.0
100.3,3.0,8081.5
100.2,3.0,8069.0
100.2,3.0,8069.0
100.3,3.0,8081.5
100.2,3.0,8069.0
100.3,3.0,8081.5
100.2,3.0,8069.0
100.3,3.0,8081.5
100.4,3.0,8081.5
100.3,3.0,8081.5
100.2,3.0,8069.0
100.2,3.0,8069.0
100.3,3.2,8083.5
100.3,3.5,8081.5
100.4,3.5,8081.5
100.2,3.4000000000000004,8071.5
100.1,3.3,8068.5
100.1,3.3,8068.5
100.0,3.3,8085.5
100.0,3.2,8070.0
100.0,3.2,8070.0
99.9,3.2,8070.5
100.0,3.2,8070.0
100.0,3.1,8089.0
100.0,3.1,8089.0
99.9,3.0,8093.0
100.1,2.9,8079.5
100.1,2.6,8199.5
100.2,2.4,8211.5
100.3,2.2,8230.0
100.1,2.0,8175.5
99.9,1.8,8169.0
99.6,1.5,8096.0
99.5,1.4,8101.0
99.5,1.1,8098.5
99.7,1.0,8111.0
99.7,0.8,8137.5
99.7,0.7000000000000001,8146.0
99.8,0.6,8230.5
99.7,0.3999999999999999,8209.0
99.8,0.30000000000000004,8175.692308966419
99.8,0.30000000000000004,8175.692308966419
99.8,0.19999999999999996,8101.973473451779
99.8,0.19999999999999996,8101.973473451779
99.9,0.10000000000000009,8060.55561464463
99.9,0.10000000000000009,8060.55561464463
99.8,0.10000000000000009,8059.00108555469
99.9,0.10000000000000009,8060.55561464463
99.9,0.10000000000000009,8060.55561464463
99.9,0.10000000000000009,8060.55561464463
99.9,0.10000000000000009,8060.55561464463
99.9,0.10000000000000009,8060.55561464463
99.9,0.10000000000000009,8060.55561464463
99.8,0.10000000000000009,8059.0
99.8,0.0,8047.0
99.8,0.0,8059.0
99.8,0.0,8063.0
99.8,0.0,8050.0
99.7,0.0,8073.0
99.6,0.0,8077.0
99.7,0.0,8068.0
99.7,0.0,8071.0
99.8,0.0,8070.0
99.8,0.0,8087.0
99.7,0.0,8084.0
99.8,0.0,8086.0
99.9,0.0,8100.0
99.9,0.0,8095.0
99.9,0.0,8098.0
